timestamp,port,linkState,SNR,FEC_Correctable,FEC_Uncorrectable,CRCErrorCount,Temperature,Voltage,FanSpeed,Humidity,Airflow,AmbientTemperature,OpticalRxPower,OpticalTxPower,LinkLatency,CableLengthEstimate,ConnectorInsertionCount
2025-05-13 14:25:54,port1,up,27.193,0.0,0.0,0.0,30.256,2.732,2531.859,39.428,13.202,17.582,-5.431,-0.044,47.803,8.5,4.0
2025-05-13 14:25:55,port1,up,24.738,0.0,0.0,0.0,30.099,2.734,2428.587,38.146,13.923,16.839,-5.436,-0.019,41.962,8.5,4.0
2025-05-13 14:25:56,port1,up,34.633,0.0,0.0,0.0,25.433,2.766,2448.508,39.789,17.316,17.957,-4.569,0.188,41.665,8.5,4.0
2025-05-13 14:25:57,port1,up,31.774,0.0,0.0,0.0,31.184,2.844,2647.596,40.272,10.928,18.83,-4.232,0.39,35.926,8.5,4.0
2025-05-13 14:25:58,port1,up,24.184,0.0,0.0,0.0,27.563,2.678,2469.859,38.453,14.196,16.994,-4.536,-0.323,45.594,8.5,4.0
2025-05-13 14:25:59,port1,up,26.068,0.0,0.0,0.0,29.953,2.771,2421.659,40.424,13.648,17.364,-6.327,-0.141,38.243,8.5,4.0
2025-05-13 14:26:00,port1,up,26.445,0.0,0.0,0.0,25.211,2.717,2483.053,40.125,15.858,18.213,-4.956,0.167,43.242,8.5,4.0
2025-05-13 14:26:01,port1,up,29.079,0.0,0.0,0.0,30.427,2.747,2447.884,42.438,10.677,17.41,-5.395,-0.429,35.147,8.5,4.0
2025-05-13 14:26:02,port1,up,24.344,0.0,0.0,0.0,26.084,2.697,2600.515,40.551,16.109,17.23,-4.342,-0.152,42.86,8.5,4.0
2025-05-13 14:26:03,port1,up,28.735,0.0,0.0,0.0,30.799,2.827,2370.686,39.213,11.332,16.613,-3.542,0.225,45.393,8.5,4.0
2025-05-13 14:26:04,port1,up,23.448,0.0,0.0,0.0,29.087,2.774,2664.12,39.895,12.972,17.371,-4.369,0.285,28.318,8.5,4.0
2025-05-13 14:26:05,port1,up,26.695,0.0,0.0,0.0,33.834,2.726,2578.791,41.517,13.412,16.787,-3.462,-0.001,56.565,8.5,4.0
2025-05-13 14:26:06,port1,up,26.6,0.0,0.0,0.0,32.313,2.89,2517.951,40.392,14.518,16.997,-4.464,0.246,38.155,8.5,4.0
2025-05-13 14:26:07,port1,up,28.13,0.0,0.0,0.0,22.917,2.687,2504.48,40.219,11.923,17.863,-5.868,-0.179,49.062,8.5,4.0
2025-05-13 14:26:08,port1,up,24.125,0.0,0.0,0.0,28.092,2.757,2519.351,38.38,13.606,18.809,-4.394,-1.394,65.541,8.5,4.0
2025-05-13 14:26:09,port1,up,23.007,0.0,0.0,0.0,30.119,2.724,2493.312,40.378,15.316,16.958,-2.881,-0.344,38.061,8.5,4.0
2025-05-13 14:26:10,port1,up,26.442,0.0,0.0,0.0,28.457,2.722,2487.335,40.753,10.003,17.523,-4.995,0.25,56.032,8.5,4.0
2025-05-13 14:26:11,port1,up,22.268,0.0,0.0,0.0,30.765,2.804,2504.569,40.546,11.932,17.499,-4.078,-0.668,43.236,8.5,4.0
2025-05-13 14:26:12,port1,up,30.552,0.0,0.0,0.0,28.215,2.764,2459.897,39.564,13.094,17.845,-4.274,-0.088,22.303,8.5,4.0
2025-05-13 14:26:13,port1,up,26.924,0.0,0.0,0.0,28.14,2.715,2467.083,39.162,13.087,17.36,-4.702,-0.178,35.005,8.5,4.0
2025-05-13 14:26:14,port1,up,27.676,0.0,0.0,0.0,26.955,2.78,2459.737,40.082,13.94,17.649,-3.802,-0.262,37.556,8.5,4.0
2025-05-13 14:26:15,port1,up,31.655,0.0,0.0,0.0,25.048,2.821,2638.979,39.349,12.477,17.243,-2.551,0.721,40.285,8.5,4.0
2025-05-13 14:26:16,port1,up,28.418,0.0,0.0,0.0,30.764,2.722,2324.491,41.277,10.935,17.497,-4.895,0.118,38.247,8.5,4.0
2025-05-13 14:26:17,port1,up,27.566,0.0,0.0,0.0,29.826,2.874,2265.821,39.983,14.552,17.671,-2.9,0.578,59.099,8.5,4.0
2025-05-13 14:26:18,port1,up,29.802,0.0,0.0,0.0,27.373,2.806,2520.147,41.291,9.968,17.833,-5.092,0.169,29.709,8.5,4.0
2025-05-13 14:26:19,port1,up,25.576,0.0,0.0,0.0,28.195,2.782,2408.807,38.773,12.999,16.904,-4.199,-0.181,49.584,8.5,4.0
2025-05-13 14:26:20,port1,up,32.872,0.0,0.0,0.0,28.782,2.857,2518.281,39.666,13.818,17.683,-2.686,0.578,50.743,8.5,4.0
2025-05-13 14:26:21,port1,up,25.101,0.0,0.0,0.0,33.306,2.709,2459.027,39.5,8.639,17.262,-3.27,-0.818,28.007,8.5,4.0
2025-05-13 14:26:22,port1,up,24.211,0.0,0.0,0.0,30.241,2.75,2400.37,41.384,14.744,17.948,-3.055,-0.564,28.865,8.5,4.0
2025-05-13 14:26:23,port1,up,26.131,0.0,0.0,0.0,22.246,2.746,2349.957,38.697,13.564,17.349,-4.608,0.606,48.773,8.5,4.0
2025-05-13 14:26:24,port1,up,26.229,0.0,0.0,0.0,28.114,2.789,2585.632,39.677,11.904,16.981,-4.953,-0.872,55.149,8.5,4.0
2025-05-13 14:26:25,port1,up,23.09,0.0,0.0,0.0,32.804,2.788,2233.183,38.119,11.04,18.198,-4.706,-0.606,31.332,8.5,4.0
2025-05-13 14:26:26,port1,up,27.518,0.0,0.0,0.0,26.667,2.805,2430.949,39.521,10.176,18.153,-2.565,-0.84,54.47,8.5,4.0
2025-05-13 14:26:27,port1,up,24.986,0.0,0.0,0.0,26.829,2.766,2478.96,39.182,9.617,17.67,-3.915,-0.212,18.834,8.5,4.0
2025-05-13 14:26:28,port1,up,23.779,0.0,0.0,0.0,28.869,2.832,2554.832,40.536,12.371,18.953,-2.736,-0.607,31.227,8.5,4.0
2025-05-13 14:26:29,port1,up,21.93,0.0,0.0,0.0,28.589,2.738,2499.734,41.434,11.35,16.847,-3.86,-0.141,32.84,8.5,4.0
2025-05-13 14:26:30,port1,up,23.19,0.0,0.0,0.0,26.45,2.861,2504.456,39.636,10.06,17.247,-3.616,0.258,30.465,8.5,4.0
2025-05-13 14:26:31,port1,up,28.261,0.0,0.0,0.0,30.63,2.814,2425.868,39.433,19.007,17.262,-5.478,0.026,37.329,8.5,4.0
2025-05-13 14:26:32,port1,up,30.475,0.0,0.0,0.0,29.514,2.654,2525.298,39.317,8.449,16.186,-2.909,-0.6,33.409,8.5,4.0
2025-05-13 14:26:33,port1,up,28.81,0.0,0.0,0.0,29.58,2.789,2570.544,41.578,13.26,18.118,-5.288,0.409,39.015,8.5,4.0
2025-05-13 14:26:34,port1,up,29.584,0.0,0.0,0.0,29.709,2.737,2387.17,40.767,15.262,17.495,-5.432,0.708,42.16,8.5,4.0
2025-05-13 14:26:35,port1,up,24.902,0.0,0.0,0.0,31.863,2.838,2617.315,38.321,16.211,18.158,-3.473,0.06,57.132,8.5,4.0
2025-05-13 14:26:36,port1,up,28.396,0.0,0.0,0.0,30.417,2.728,2577.737,40.781,9.675,17.071,-4.097,0.209,42.805,8.5,4.0
2025-05-13 14:26:37,port1,up,31.096,0.0,0.0,0.0,26.337,2.793,2551.752,39.454,12.853,17.686,-4.165,-0.734,41.296,8.5,4.0
2025-05-13 14:26:38,port1,up,28.455,0.0,0.0,0.0,26.967,2.699,2457.313,39.971,14.382,17.89,-4.279,-0.689,42.787,8.5,4.0
2025-05-13 14:26:39,port1,up,22.206,0.0,0.0,0.0,25.932,2.757,2546.19,40.822,12.448,16.698,-4.296,-0.035,31.357,8.5,4.0
2025-05-13 14:26:40,port1,up,30.304,0.0,0.0,0.0,31.726,2.685,2593.131,38.901,15.034,16.875,-4.381,0.427,27.28,8.5,4.0
2025-05-13 14:26:41,port1,up,31.113,0.0,0.0,0.0,31.743,2.765,2360.996,41.597,10.732,17.231,-2.645,0.609,38.43,8.5,4.0
2025-05-13 14:26:42,port1,up,30.956,0.0,0.0,0.0,32.205,2.828,2482.533,40.539,14.769,17.369,-4.52,0.102,48.726,8.5,4.0
2025-05-13 14:26:43,port1,up,31.951,0.0,0.0,0.0,27.481,2.789,2452.097,38.78,13.033,17.74,-3.186,-0.356,38.393,8.5,4.0
2025-05-13 14:26:44,port1,up,33.488,0.0,0.0,0.0,27.696,2.694,2336.597,39.568,17.509,17.666,-1.41,-0.834,48.023,8.5,4.0
2025-05-13 14:26:45,port1,up,27.55,0.0,0.0,0.0,27.108,2.791,2504.461,39.068,14.768,17.011,-4.74,0.3,43.182,8.5,4.0
2025-05-13 14:26:46,port1,up,28.53,0.0,0.0,0.0,28.982,2.84,2443.039,41.442,14.668,17.721,-4.655,0.656,66.476,8.5,4.0
2025-05-13 14:26:47,port1,up,27.502,0.0,0.0,0.0,27.486,2.765,2710.507,40.404,9.77,18.096,-3.054,0.705,50.049,8.5,4.0
2025-05-13 14:26:48,port1,up,29.175,0.0,0.0,0.0,24.086,2.81,2677.24,40.389,12.302,18.149,-5.545,-0.269,36.615,8.5,4.0
2025-05-13 14:26:49,port1,up,24.003,0.0,0.0,0.0,28.322,2.733,2596.177,39.619,12.755,16.308,-5.146,0.043,65.652,8.5,4.0
2025-05-13 14:26:50,port1,up,24.592,0.0,0.0,0.0,21.485,2.811,2569.585,40.846,13.169,17.508,-3.419,0.449,77.6,8.5,4.0
2025-05-13 14:26:51,port1,up,29.531,0.0,0.0,0.0,28.448,2.857,2357.25,40.635,17.885,17.275,-3.278,0.433,49.968,8.5,4.0
2025-05-13 14:26:52,port1,up,31.033,0.0,0.0,0.0,30.533,2.865,2552.551,39.503,12.662,17.598,-4.265,-0.212,34.941,8.5,4.0
2025-05-13 14:26:53,port1,up,25.725,0.0,0.0,0.0,26.556,2.826,2504.912,37.097,9.899,17.002,-6.391,0.372,40.927,8.5,4.0
2025-05-13 14:26:54,port1,down,,,,,,,,,,,,,,,
2025-05-13 14:26:55,port1,up,28.329,0.0,0.0,0.0,27.405,2.727,2491.173,41.431,12.037,17.438,-4.359,0.497,31.962,8.5,4.0
2025-05-13 14:26:56,port1,up,31.802,0.0,0.0,0.0,27.076,2.844,2448.167,41.839,10.688,16.649,-2.659,-1.242,44.277,8.5,4.0
2025-05-13 14:26:57,port1,up,27.851,0.0,0.0,0.0,32.639,2.864,2531.976,40.464,11.625,17.276,-5.046,0.667,38.839,8.5,4.0
2025-05-13 14:26:58,port1,up,34.941,0.0,0.0,0.0,29.2,2.802,2267.788,40.833,14.779,16.826,-5.297,0.34,58.942,8.5,4.0
2025-05-13 14:26:59,port1,up,30.268,0.0,0.0,0.0,28.876,2.711,2444.991,39.943,12.268,17.458,-3.088,0.173,39.885,8.5,4.0
2025-05-13 14:27:00,port1,up,31.164,0.0,0.0,0.0,26.104,2.789,2441.55,40.112,13.716,17.318,-2.741,0.675,53.559,8.5,4.0
2025-05-13 14:27:01,port1,up,25.53,0.0,0.0,0.0,22.413,2.814,2490.823,39.615,10.435,17.616,-2.671,0.563,29.586,8.5,4.0
2025-05-13 14:27:02,port1,up,27.876,0.0,0.0,0.0,29.797,2.813,2567.864,40.658,15.493,16.79,-4.382,-1.003,41.064,8.5,4.0
2025-05-13 14:27:03,port1,up,25.43,0.0,0.0,0.0,25.481,2.835,2448.734,39.929,14.278,17.847,-3.837,0.914,33.409,8.5,4.0
2025-05-13 14:27:04,port1,up,30.162,0.0,0.0,0.0,31.531,2.895,2515.201,41.77,8.291,17.167,-3.978,-0.542,31.46,8.5,4.0
2025-05-13 14:27:05,port1,up,27.622,0.0,0.0,0.0,26.705,2.726,2569.873,38.811,14.681,17.688,-4.305,-0.121,50.209,8.5,4.0
2025-05-13 14:27:06,port1,up,32.149,0.0,0.0,0.0,31.315,2.786,2387.386,39.634,11.778,18.341,-4.363,0.139,47.646,8.5,4.0
2025-05-13 14:27:07,port1,up,26.948,0.0,0.0,0.0,32.157,2.676,2323.01,40.292,10.613,18.338,-3.227,-0.196,23.169,8.5,4.0
2025-05-13 14:27:08,port1,up,25.758,0.0,0.0,0.0,26.257,2.792,2599.317,39.18,10.695,17.467,-5.19,-0.663,53.241,8.5,4.0
2025-05-13 14:27:09,port1,up,32.294,0.0,0.0,0.0,27.716,2.69,2559.477,41.704,12.753,17.511,-4.98,0.127,20.624,8.5,4.0
2025-05-13 14:27:10,port1,up,27.216,0.0,0.0,0.0,26.524,2.841,2517.525,40.593,15.779,17.44,-3.556,-0.339,50.937,8.5,4.0
2025-05-13 14:27:11,port1,up,28.548,0.0,0.0,0.0,29.39,2.802,2663.57,38.934,10.795,17.943,-2.71,0.514,34.793,8.5,4.0
2025-05-13 14:27:12,port1,down,,,,,,,,,,,,,,,
2025-05-13 14:27:13,port1,up,27.428,0.0,0.0,0.0,28.79,2.746,2408.648,38.882,13.445,18.254,-3.596,1.128,38.161,8.5,4.0
2025-05-13 14:27:14,port1,up,31.725,0.0,0.0,0.0,31.346,2.762,2702.683,40.783,12.873,18.128,-4.185,-0.275,39.449,8.5,4.0
2025-05-13 14:27:15,port1,up,26.709,0.0,0.0,0.0,25.712,2.779,2560.753,41.005,10.724,16.788,-3.139,-0.653,62.627,8.5,4.0
2025-05-13 14:27:16,port1,up,16.728,0.0,0.0,0.0,30.341,2.814,2360.001,41.844,14.174,18.319,-4.871,0.038,50.008,8.5,4.0
2025-05-13 14:27:17,port1,up,24.389,0.0,0.0,0.0,28.676,2.8,2386.001,41.149,14.0,17.276,-5.415,-0.505,53.72,8.5,4.0
2025-05-13 14:27:18,port1,up,30.371,0.0,0.0,0.0,24.191,2.676,2543.222,39.898,11.868,17.269,-4.922,0.024,48.2,8.5,4.0
2025-05-13 14:27:19,port1,up,25.465,0.0,0.0,0.0,30.737,2.743,2533.926,40.749,8.833,17.269,-2.586,0.081,47.863,8.5,4.0
2025-05-13 14:27:20,port1,up,27.446,0.0,0.0,0.0,31.652,2.771,2612.654,40.308,14.668,16.736,-3.351,0.377,29.935,8.5,4.0
2025-05-13 14:27:21,port1,up,28.183,0.0,0.0,0.0,28.909,2.715,2522.368,41.191,16.507,17.572,-4.296,0.183,28.621,8.5,4.0
2025-05-13 14:27:22,port1,up,22.157,0.0,0.0,0.0,28.433,2.778,2604.763,40.112,10.264,18.064,-4.939,-0.406,35.229,8.5,4.0
2025-05-13 14:27:23,port1,up,31.928,0.0,0.0,0.0,33.069,2.756,2567.291,41.867,12.715,17.755,-3.836,-0.328,40.199,8.5,4.0
2025-05-13 14:27:24,port1,up,34.55,0.0,0.0,0.0,29.7,2.813,2598.202,40.202,14.271,18.197,-4.74,0.241,37.782,8.5,4.0
2025-05-13 14:27:25,port1,up,29.916,0.0,0.0,0.0,30.101,2.805,2671.691,39.674,13.0,17.226,-4.669,-1.198,19.138,8.5,4.0
2025-05-13 14:27:26,port1,up,24.784,0.0,0.0,0.0,29.065,2.843,2616.474,40.561,11.691,18.349,-1.256,-0.274,38.399,8.5,4.0
2025-05-13 14:27:27,port1,up,28.087,0.0,0.0,0.0,25.13,2.763,2550.851,41.011,12.272,17.099,-5.816,1.347,32.433,8.5,4.0
2025-05-13 14:27:28,port1,up,33.845,0.0,0.0,0.0,24.567,2.813,2503.917,39.501,18.067,16.974,-3.775,-0.741,55.502,8.5,4.0
2025-05-13 14:27:29,port1,up,24.278,0.0,0.0,0.0,27.42,2.811,2441.293,40.969,10.04,17.478,-5.112,-0.684,40.944,8.5,4.0
2025-05-13 14:27:30,port1,up,28.861,0.0,0.0,0.0,28.973,2.797,2465.753,39.677,12.121,17.722,-5.732,-0.673,34.855,8.5,4.0
2025-05-13 14:27:31,port1,up,28.829,0.0,0.0,0.0,23.955,2.744,2502.334,38.996,10.743,18.157,-4.679,-0.236,37.409,8.5,4.0
2025-05-13 14:27:32,port1,up,25.625,0.0,0.0,0.0,22.02,2.89,2345.242,39.638,13.077,18.027,-2.549,-0.325,46.18,8.5,4.0
2025-05-13 14:27:33,port1,up,26.861,0.0,0.0,0.0,30.119,2.744,2544.727,41.848,12.754,18.223,-4.951,0.432,41.381,8.5,4.0
2025-05-13 14:27:34,port1,up,23.824,0.0,0.0,0.0,28.377,2.809,2453.821,41.162,13.488,16.883,-2.836,0.37,37.633,8.5,4.0
2025-05-13 14:27:35,port1,up,26.919,0.0,0.0,0.0,31.117,2.711,2330.712,38.899,10.707,17.598,-4.487,0.391,28.065,8.5,4.0
2025-05-13 14:27:36,port1,up,25.482,0.0,0.0,0.0,28.388,2.764,2618.991,39.666,12.236,17.056,-3.375,-0.772,51.149,8.5,4.0
2025-05-13 14:27:37,port1,up,33.368,0.0,0.0,0.0,29.606,2.803,2584.243,39.867,9.947,17.446,-6.482,-0.346,47.209,8.5,4.0
2025-05-13 14:27:38,port1,up,25.529,0.0,0.0,0.0,25.752,2.794,2394.134,40.391,9.478,17.596,-4.291,0.517,46.738,8.5,4.0
2025-05-13 14:27:39,port1,up,25.165,0.0,0.0,0.0,25.816,2.765,2543.894,40.446,11.691,16.89,-4.147,-0.137,41.082,8.5,4.0
2025-05-13 14:27:40,port1,up,30.583,0.0,0.0,0.0,27.574,2.83,2217.265,40.924,12.153,16.803,-4.675,0.522,51.19,8.5,4.0
2025-05-13 14:27:41,port1,up,29.218,0.0,0.0,0.0,25.138,2.72,2564.022,40.258,12.099,16.456,-4.525,0.058,48.058,8.5,4.0
2025-05-13 14:27:42,port1,up,33.606,0.0,0.0,0.0,29.541,2.734,2474.431,41.213,12.146,17.21,-4.686,-0.233,59.77,8.5,4.0
2025-05-13 14:27:43,port1,up,27.354,0.0,0.0,0.0,25.207,2.752,2449.616,40.283,7.88,18.376,-4.551,-0.256,51.172,8.5,4.0
2025-05-13 14:27:44,port1,up,28.016,0.0,0.0,0.0,30.759,2.707,2511.124,39.645,13.166,18.118,-2.669,-0.102,48.883,8.5,4.0
2025-05-13 14:27:45,port1,up,26.69,0.0,0.0,0.0,32.421,2.711,2405.89,40.78,14.574,17.609,-5.302,-0.037,59.063,8.5,4.0
2025-05-13 14:27:46,port1,up,30.257,0.0,0.0,0.0,25.871,2.757,2669.962,40.075,17.004,17.966,-4.028,0.347,54.562,8.5,4.0
2025-05-13 14:27:47,port1,up,23.537,0.0,0.0,0.0,22.943,2.805,2428.365,40.478,11.338,18.696,-3.135,-0.109,28.388,8.5,4.0
2025-05-13 14:27:48,port1,up,30.494,0.0,0.0,0.0,24.368,2.685,2406.144,40.407,12.068,17.929,-3.571,-0.613,65.861,8.5,4.0
2025-05-13 14:27:49,port1,up,28.486,0.0,0.0,0.0,25.326,2.759,2682.266,40.542,9.763,17.209,-3.456,-0.153,35.244,8.5,4.0
2025-05-13 14:27:50,port1,up,21.202,0.0,0.0,0.0,30.022,2.793,2424.364,39.691,10.209,16.753,-3.486,-0.395,64.925,8.5,4.0
2025-05-13 14:27:51,port1,up,24.613,0.0,0.0,0.0,31.246,2.784,2496.792,40.435,12.514,17.781,-4.939,-0.513,46.847,8.5,4.0
2025-05-13 14:27:52,port1,up,31.949,0.0,0.0,0.0,25.003,2.915,2612.255,40.736,12.649,17.751,-5.248,0.241,48.5,8.5,4.0
2025-05-13 14:27:53,port1,up,30.285,0.0,0.0,0.0,22.264,2.879,2612.554,39.049,16.479,17.875,-3.001,0.192,39.044,8.5,4.0
2025-05-13 14:27:54,port1,up,24.555,0.0,0.0,0.0,26.807,2.764,2469.916,40.859,14.892,18.206,-2.792,0.118,36.752,8.5,4.0
2025-05-13 14:27:55,port1,up,31.534,0.0,0.0,0.0,25.654,2.692,2610.599,40.851,10.652,17.687,-2.358,0.296,36.219,8.5,4.0
2025-05-13 14:27:56,port1,up,26.957,0.0,0.0,0.0,25.428,2.811,2465.653,40.56,11.724,17.241,-4.205,-0.653,59.372,8.5,4.0
2025-05-13 14:27:57,port1,up,29.633,0.0,0.0,0.0,29.946,2.898,2514.687,39.824,12.365,17.585,-5.035,0.014,39.667,8.5,4.0
2025-05-13 14:27:58,port1,up,23.376,0.0,0.0,0.0,28.67,2.779,2480.504,39.579,13.433,17.737,-4.926,-0.441,40.208,8.5,4.0
2025-05-13 14:27:59,port1,up,22.163,0.0,0.0,0.0,28.695,2.817,2567.774,40.014,10.382,17.195,-4.596,0.763,53.781,8.5,4.0
2025-05-13 14:28:00,port1,up,30.863,0.0,0.0,0.0,30.954,2.805,2538.192,41.696,12.223,18.422,-4.972,-0.34,25.381,8.5,4.0
2025-05-13 14:28:01,port1,up,25.357,0.0,0.0,0.0,31.225,2.778,2520.927,37.969,13.432,18.329,-4.162,-0.231,46.182,8.5,4.0
2025-05-13 14:28:02,port1,up,29.034,0.0,0.0,0.0,27.132,2.8,2669.944,39.171,11.882,17.009,-4.377,0.337,37.341,8.5,4.0
2025-05-13 14:28:03,port1,up,27.969,0.0,0.0,0.0,22.806,2.777,2574.218,40.626,11.801,17.629,-5.561,0.382,54.203,8.5,4.0
2025-05-13 14:28:04,port1,up,24.344,0.0,0.0,0.0,26.218,2.667,2460.561,39.645,15.009,17.014,-5.274,0.904,35.425,8.5,4.0
2025-05-13 14:28:05,port1,up,24.234,0.0,0.0,0.0,25.246,2.762,2390.873,38.363,14.035,18.071,-3.15,-0.13,38.827,8.5,4.0
2025-05-13 14:28:06,port1,up,28.613,0.0,0.0,0.0,27.425,2.842,2583.5,39.95,15.563,18.334,-5.178,0.088,50.392,8.5,4.0
2025-05-13 14:28:07,port1,up,30.037,0.0,0.0,0.0,29.838,2.679,2623.656,40.402,11.709,17.199,-3.77,-0.441,43.167,8.5,4.0
2025-05-13 14:28:08,port1,up,28.227,0.0,0.0,0.0,31.992,2.791,2624.028,40.719,16.313,17.367,-3.299,-0.579,43.518,8.5,4.0
2025-05-13 14:28:09,port1,up,31.497,0.0,0.0,0.0,26.846,2.761,2438.734,39.072,12.657,17.254,-5.132,-0.867,21.778,8.5,4.0
2025-05-13 14:28:10,port1,up,31.023,0.0,0.0,0.0,27.457,2.739,2628.766,40.451,12.38,17.325,-4.058,-0.22,63.232,8.5,4.0
2025-05-13 14:28:11,port1,up,26.222,0.0,0.0,0.0,29.732,2.764,2558.636,40.821,15.476,17.806,-3.983,-0.407,45.69,8.5,4.0
2025-05-13 14:28:12,port1,up,22.291,0.0,0.0,0.0,23.442,2.768,2378.659,40.356,11.175,17.01,-4.0,-0.057,45.733,8.5,4.0
2025-05-13 14:28:13,port1,up,22.044,0.0,0.0,0.0,25.441,2.688,2614.956,39.847,15.002,17.41,-4.518,-0.28,59.483,8.5,4.0
2025-05-13 14:28:14,port1,up,29.302,0.0,0.0,0.0,28.101,2.781,2353.584,38.353,12.686,17.871,-4.039,0.033,33.429,8.5,4.0
2025-05-13 14:28:15,port1,up,23.487,0.0,0.0,0.0,32.965,2.76,2457.863,38.87,13.245,17.684,-5.876,-0.174,35.989,8.5,4.0
2025-05-13 14:28:16,port1,up,23.056,0.0,0.0,0.0,28.214,2.871,2527.274,39.864,13.37,18.27,-4.716,0.155,45.396,8.5,4.0
2025-05-13 14:28:17,port1,up,26.308,0.0,0.0,0.0,31.381,2.715,2452.642,39.911,15.529,17.893,-3.734,0.156,53.219,8.5,4.0
2025-05-13 14:28:18,port1,up,28.889,0.0,0.0,0.0,25.443,2.751,2517.337,41.397,13.597,17.804,-4.08,0.055,54.585,8.5,4.0
2025-05-13 14:28:19,port1,up,27.463,0.0,0.0,0.0,26.34,2.683,2473.177,38.776,15.067,17.347,-2.522,-0.074,48.675,8.5,4.0
2025-05-13 14:28:20,port1,up,28.036,0.0,0.0,0.0,30.148,2.802,2626.497,38.94,15.551,17.439,-3.66,0.423,40.119,8.5,4.0
2025-05-13 14:28:21,port1,up,29.984,0.0,0.0,0.0,31.447,2.835,2453.59,39.419,13.263,17.497,-4.677,0.715,48.565,8.5,4.0
2025-05-13 14:28:22,port1,up,26.656,0.0,0.0,0.0,32.748,2.774,2285.296,39.894,11.557,17.58,-4.664,-0.931,54.337,8.5,4.0
2025-05-13 14:28:23,port1,up,29.929,0.0,0.0,0.0,32.272,2.866,2597.083,39.615,11.578,17.529,-4.204,-0.07,39.86,8.5,4.0
2025-05-13 14:28:24,port1,up,34.376,0.0,0.0,0.0,25.341,2.815,2554.81,37.285,15.856,17.82,-4.647,0.542,41.217,8.5,4.0
2025-05-13 14:28:25,port1,up,29.888,0.0,0.0,0.0,29.703,2.858,2403.787,40.397,13.81,17.882,-1.857,0.433,35.952,8.5,4.0
2025-05-13 14:28:26,port1,up,24.083,0.0,0.0,0.0,28.902,2.815,2381.883,40.334,13.43,17.321,-7.403,-0.158,40.618,8.5,4.0
2025-05-13 14:28:27,port1,up,26.992,0.0,0.0,0.0,29.753,2.752,2444.616,41.599,12.225,17.315,-3.522,-0.015,48.519,8.5,4.0
2025-05-13 14:28:28,port1,up,29.941,0.0,0.0,0.0,31.217,2.817,2525.627,38.919,13.51,17.822,-5.667,0.855,41.227,8.5,4.0
2025-05-13 14:28:29,port1,up,26.196,0.0,0.0,0.0,31.003,2.688,2408.703,41.246,10.952,17.068,-3.693,-0.243,40.581,8.5,4.0
2025-05-13 14:28:30,port1,up,27.35,0.0,0.0,0.0,27.835,2.727,2452.282,39.774,16.328,17.173,-3.855,-0.012,20.813,8.5,4.0
2025-05-13 14:28:31,port1,up,29.791,0.0,0.0,0.0,33.706,2.863,2738.334,39.623,10.783,18.057,-3.29,-0.07,45.074,8.5,4.0
2025-05-13 14:28:32,port1,up,25.628,0.0,0.0,0.0,30.4,2.819,2536.763,38.694,12.313,17.728,-5.17,0.636,53.271,8.5,4.0
2025-05-13 14:28:33,port1,up,27.638,0.0,0.0,0.0,32.391,2.804,2465.573,39.467,12.182,17.184,-4.987,1.178,48.624,8.5,4.0
2025-05-13 14:28:34,port1,up,19.603,0.0,0.0,0.0,28.117,2.867,2503.022,40.847,14.267,17.227,-5.073,0.077,42.746,8.5,4.0
2025-05-13 14:28:35,port1,up,28.195,0.0,0.0,0.0,26.452,2.716,2539.33,38.657,13.508,17.411,-3.931,0.351,45.338,8.5,4.0
2025-05-13 14:28:36,port1,up,30.063,0.0,0.0,0.0,27.208,2.891,2539.884,40.254,13.688,17.639,-5.836,0.356,42.1,8.5,4.0
2025-05-13 14:28:37,port1,up,26.444,0.0,0.0,0.0,28.767,2.806,2562.719,38.362,11.692,17.694,-4.609,-0.126,47.454,8.5,4.0
2025-05-13 14:28:38,port1,up,29.852,0.0,0.0,0.0,29.327,2.719,2570.556,38.071,13.875,17.257,-5.263,0.615,46.196,8.5,4.0
2025-05-13 14:28:39,port1,up,28.356,0.0,0.0,0.0,29.029,2.722,2673.434,39.907,12.483,17.297,-4.553,-0.018,25.799,8.5,4.0
2025-05-13 14:28:40,port1,up,26.851,0.0,0.0,0.0,28.274,2.842,2571.349,40.146,12.38,16.472,-3.906,0.259,39.113,8.5,4.0
2025-05-13 14:28:41,port1,up,24.879,0.0,0.0,0.0,28.775,2.805,2497.101,39.841,14.107,17.369,-4.409,0.554,51.246,8.5,4.0
2025-05-13 14:28:42,port1,up,27.0,0.0,0.0,0.0,26.843,2.885,2661.535,39.925,15.022,16.018,-4.601,-0.363,44.346,8.5,4.0
2025-05-13 14:28:43,port1,up,25.934,0.0,0.0,0.0,27.612,2.711,2516.966,41.689,14.966,17.249,-4.637,-0.501,52.987,8.5,4.0
2025-05-13 14:28:44,port1,up,27.365,0.0,0.0,0.0,32.886,2.726,2419.119,39.775,13.485,17.467,-4.297,0.105,34.48,8.5,4.0
2025-05-13 14:28:45,port1,up,23.773,0.0,0.0,0.0,31.643,2.776,2371.86,40.308,8.108,17.723,-3.46,0.948,61.779,8.5,4.0
2025-05-13 14:28:46,port1,up,27.799,0.0,0.0,0.0,29.022,2.794,2406.681,41.719,10.686,17.111,-3.433,-0.706,38.73,8.5,4.0
2025-05-13 14:28:47,port1,up,30.578,0.0,0.0,0.0,28.403,2.861,2581.55,40.104,8.979,17.093,-3.993,-0.249,34.298,8.5,4.0
2025-05-13 14:28:48,port1,up,28.244,0.0,0.0,0.0,23.855,2.779,2684.893,39.615,11.657,16.768,-5.282,0.766,52.941,8.5,4.0
2025-05-13 14:28:49,port1,up,26.997,0.0,0.0,0.0,30.048,2.774,2334.463,39.801,12.634,17.064,-5.601,-0.458,32.561,8.5,4.0
2025-05-13 14:28:50,port1,up,23.879,0.0,0.0,0.0,27.249,2.751,2643.363,39.491,15.479,18.455,-4.6,-0.638,39.966,8.5,4.0
2025-05-13 14:28:51,port1,up,31.866,0.0,0.0,0.0,27.316,2.786,2392.281,39.245,9.67,17.927,-4.091,0.115,49.35,8.5,4.0
2025-05-13 14:28:52,port1,up,28.078,0.0,0.0,0.0,30.032,2.777,2605.269,39.903,15.928,17.582,-2.76,0.067,39.122,8.5,4.0
2025-05-13 14:28:53,port1,up,25.794,0.0,0.0,0.0,28.966,2.804,2446.246,38.289,12.829,17.832,-4.39,0.06,39.694,8.5,4.0
2025-05-13 14:28:54,port1,up,27.493,0.0,0.0,0.0,26.4,2.788,2433.434,39.866,10.71,18.613,-4.561,0.109,43.392,8.5,4.0
2025-05-13 14:28:55,port1,up,26.65,0.0,0.0,0.0,28.922,2.73,2552.29,39.5,9.385,17.578,-5.449,-0.24,36.548,8.5,4.0
2025-05-13 14:28:56,port1,up,23.37,0.0,0.0,0.0,26.208,2.758,2577.51,40.699,15.763,18.854,-4.787,-0.321,58.662,8.5,4.0
2025-05-13 14:28:57,port1,up,26.413,0.0,0.0,0.0,29.47,2.727,2478.579,39.124,10.312,17.908,-3.209,0.075,41.144,8.5,4.0
2025-05-13 14:28:58,port1,up,22.996,0.0,0.0,0.0,31.061,2.779,2482.353,38.711,11.494,17.144,-5.345,-0.012,49.132,8.5,4.0
2025-05-13 14:28:59,port1,up,24.442,0.0,0.0,0.0,28.123,2.821,2514.715,39.633,13.779,16.819,-2.28,0.324,49.116,8.5,4.0
2025-05-13 14:29:00,port1,up,25.121,0.0,0.0,0.0,26.393,2.728,2390.335,39.986,13.718,17.82,-4.479,-0.152,38.528,8.5,4.0
2025-05-13 14:29:01,port1,up,30.641,0.0,0.0,0.0,23.476,2.867,2550.202,39.161,5.868,17.24,-4.81,0.133,42.23,8.5,4.0
2025-05-13 14:29:02,port1,up,25.602,0.0,0.0,0.0,28.84,2.755,2590.231,40.518,9.771,17.359,-3.53,-0.213,59.538,8.5,4.0
2025-05-13 14:29:03,port1,up,27.223,0.0,0.0,0.0,29.079,2.698,2497.073,40.569,10.078,16.78,-5.01,0.416,36.78,8.5,4.0
2025-05-13 14:29:04,port1,up,26.79,0.0,0.0,0.0,26.158,2.864,2490.352,40.09,12.355,17.841,-3.761,-0.475,29.468,8.5,4.0
2025-05-13 14:29:05,port1,up,27.593,0.0,0.0,0.0,27.505,2.746,2545.399,38.271,16.379,18.706,-4.428,-0.128,33.7,8.5,4.0
2025-05-13 14:29:06,port1,up,33.205,0.0,0.0,0.0,27.606,2.767,2528.177,38.605,17.34,17.3,-5.532,0.168,47.18,8.5,4.0
2025-05-13 14:29:07,port1,up,33.193,0.0,0.0,0.0,29.402,2.773,2531.048,40.124,9.578,17.555,-3.506,-0.31,34.212,8.5,4.0
2025-05-13 14:29:08,port1,up,26.362,0.0,0.0,0.0,27.246,2.766,2521.349,39.084,11.708,17.086,-5.834,-0.567,33.677,8.5,4.0
2025-05-13 14:29:09,port1,up,24.982,0.0,0.0,0.0,31.645,2.686,2337.696,40.448,13.323,17.085,-6.697,0.22,43.697,8.5,4.0
2025-05-13 14:29:10,port1,up,26.335,0.0,0.0,0.0,25.793,2.906,2504.872,40.176,10.161,16.581,-4.072,-0.193,67.497,8.5,4.0
2025-05-13 14:29:11,port1,up,29.265,0.0,0.0,0.0,28.238,2.724,2658.363,39.16,13.431,16.885,-1.476,0.241,52.563,8.5,4.0
2025-05-13 14:29:12,port1,up,24.553,0.0,0.0,0.0,27.633,2.858,2174.223,39.94,13.511,17.572,-2.759,-0.511,51.762,8.5,4.0
2025-05-13 14:29:13,port1,up,26.131,0.0,0.0,0.0,29.055,2.771,2469.039,40.251,12.304,17.845,-3.198,-0.221,30.376,8.5,4.0
2025-05-13 14:29:14,port1,up,28.214,0.0,0.0,0.0,25.677,2.745,2553.572,38.86,13.437,17.59,-4.99,-0.103,42.519,8.5,4.0
2025-05-13 14:29:15,port1,up,25.754,0.0,0.0,0.0,29.094,2.711,2426.185,39.488,7.506,17.287,-3.76,-0.087,26.504,8.5,4.0
2025-05-13 14:29:16,port1,up,27.886,0.0,0.0,0.0,25.85,2.759,2572.416,38.743,12.336,17.85,-3.877,-0.298,59.599,8.5,4.0
2025-05-13 14:29:17,port1,up,23.307,0.0,0.0,0.0,27.34,2.713,2547.446,39.909,15.875,17.819,-4.443,0.643,29.43,8.5,4.0
2025-05-13 14:29:18,port1,up,27.062,0.0,0.0,0.0,27.047,2.837,2395.167,39.713,14.451,17.412,-2.655,0.835,59.456,8.5,4.0
2025-05-13 14:29:19,port1,up,32.146,0.0,0.0,0.0,30.153,2.849,2531.604,41.34,8.565,17.235,-6.747,-0.32,47.423,8.5,4.0
2025-05-13 14:29:20,port1,up,30.755,0.0,0.0,0.0,29.825,2.747,2429.627,40.284,12.917,17.378,-4.084,-1.441,31.098,8.5,4.0
2025-05-13 14:29:21,port1,up,30.866,0.0,0.0,0.0,24.528,2.802,2420.985,39.826,13.596,18.585,-3.926,0.825,46.276,8.5,4.0
2025-05-13 14:29:22,port1,up,25.913,0.0,0.0,0.0,27.995,2.804,2409.374,41.139,11.358,16.206,-3.231,-0.281,53.267,8.5,4.0
2025-05-13 14:29:23,port1,up,27.634,0.0,0.0,0.0,31.337,2.743,2523.676,39.963,12.946,17.133,-3.941,0.014,61.887,8.5,4.0
2025-05-13 14:29:24,port1,up,24.881,0.0,0.0,0.0,24.302,2.837,2329.851,37.104,11.428,18.293,-5.291,-0.512,68.68,8.5,4.0
2025-05-13 14:29:25,port1,up,26.05,0.0,0.0,0.0,30.014,2.824,2486.795,40.322,18.75,16.924,-3.994,0.61,26.223,8.5,4.0
2025-05-13 14:29:26,port1,up,31.275,0.0,0.0,0.0,30.595,2.776,2448.144,39.399,12.005,17.036,-4.368,0.668,36.705,8.5,4.0
2025-05-13 14:29:27,port1,up,29.144,0.0,0.0,0.0,24.34,2.725,2327.387,39.677,13.975,17.554,-3.168,0.016,43.797,8.5,4.0
2025-05-13 14:29:28,port1,up,32.999,0.0,0.0,0.0,24.202,2.787,2569.921,40.515,12.731,16.645,-3.773,0.138,44.263,8.5,4.0
2025-05-13 14:29:29,port1,up,34.276,0.0,0.0,0.0,28.025,2.832,2411.728,39.258,14.89,16.822,-4.621,-0.3,44.274,8.5,4.0
2025-05-13 14:29:30,port1,up,29.279,0.0,0.0,0.0,27.583,2.694,2634.767,39.466,11.922,17.238,-3.23,-0.368,63.607,8.5,4.0
2025-05-13 14:29:31,port1,up,29.515,0.0,0.0,0.0,27.643,2.811,2597.844,38.72,8.508,17.948,-2.821,0.053,32.834,8.5,4.0
2025-05-13 14:29:32,port1,up,30.776,0.0,0.0,0.0,31.522,2.735,2486.311,40.94,9.234,18.332,-5.223,-0.451,44.845,8.5,4.0
2025-05-13 14:29:33,port1,up,25.371,0.0,0.0,0.0,26.875,2.761,2557.031,41.029,15.724,18.061,-4.275,-0.58,24.098,8.5,4.0
2025-05-13 14:29:34,port1,up,28.956,0.0,0.0,0.0,25.161,2.807,2550.464,41.238,11.313,17.715,-7.731,0.254,36.533,8.5,4.0
2025-05-13 14:29:35,port1,up,28.422,0.0,0.0,0.0,32.298,2.827,2418.062,39.377,12.028,17.092,-5.695,-0.191,58.86,8.5,4.0
2025-05-13 14:29:36,port1,up,24.068,0.0,0.0,0.0,24.965,2.856,2450.91,37.841,12.371,16.998,-3.9,-0.901,40.423,8.5,4.0
2025-05-13 14:29:37,port1,up,27.714,0.0,0.0,0.0,28.783,2.833,2501.388,39.819,12.247,17.686,-5.207,-0.568,41.771,8.5,4.0
2025-05-13 14:29:38,port1,up,26.092,0.0,0.0,0.0,28.321,2.77,2583.997,38.04,11.347,16.901,-5.861,-0.25,56.844,8.5,4.0
2025-05-13 14:29:39,port1,up,29.897,0.0,0.0,0.0,30.464,2.869,2204.063,40.767,12.143,16.879,-3.919,-0.31,31.224,8.5,4.0
2025-05-13 14:29:40,port1,up,27.088,0.0,0.0,0.0,34.006,2.824,2460.81,41.483,11.0,17.564,-6.159,-0.071,35.832,8.5,4.0
2025-05-13 14:29:41,port1,up,20.166,0.0,0.0,0.0,26.689,2.735,2428.214,39.788,13.496,17.465,-4.842,-0.784,54.684,8.5,4.0
2025-05-13 14:29:42,port1,up,27.946,0.0,0.0,0.0,30.708,2.732,2629.778,39.786,15.956,18.198,-2.637,0.202,49.891,8.5,4.0
2025-05-13 14:29:43,port1,up,24.927,0.0,0.0,0.0,25.41,2.764,2540.836,38.452,12.191,16.37,-4.993,-0.504,32.886,8.5,4.0
2025-05-13 14:29:44,port1,up,23.117,0.0,0.0,0.0,29.049,2.779,2385.185,39.771,14.516,17.498,-3.341,-0.649,40.023,8.5,4.0
2025-05-13 14:29:45,port1,up,25.832,0.0,0.0,0.0,27.775,2.812,2343.905,39.19,13.509,18.301,-4.85,0.111,50.808,8.5,4.0
2025-05-13 14:29:46,port1,up,30.569,0.0,0.0,0.0,30.197,2.885,2584.311,41.037,11.246,17.413,-4.292,0.305,47.365,8.5,4.0
2025-05-13 14:29:47,port1,up,25.037,0.0,0.0,0.0,29.791,2.816,2415.363,40.49,8.118,17.348,-5.361,-0.229,35.984,8.5,4.0
2025-05-13 14:29:48,port1,up,25.634,0.0,0.0,0.0,27.413,2.809,2383.869,37.87,15.061,17.206,-2.641,0.169,42.623,8.5,4.0
2025-05-13 14:29:49,port1,up,26.923,0.0,0.0,0.0,25.604,2.732,2423.22,40.747,13.867,16.709,-3.89,-0.163,48.701,8.5,4.0
2025-05-13 14:29:50,port1,up,30.663,0.0,0.0,0.0,21.233,2.785,2571.562,41.399,8.302,16.53,-5.333,0.076,38.431,8.5,4.0
2025-05-13 14:29:51,port1,up,25.371,0.0,0.0,0.0,30.083,2.83,2442.967,39.978,12.059,17.155,-4.376,0.099,38.693,8.5,4.0
2025-05-13 14:29:52,port1,up,27.485,0.0,0.0,0.0,28.929,2.725,2529.12,40.024,11.705,17.484,-5.241,-0.293,30.741,8.5,4.0
2025-05-13 14:29:53,port1,up,28.117,0.0,0.0,0.0,29.577,2.769,2753.013,40.135,11.385,17.314,-4.386,0.222,43.146,8.5,4.0
2025-05-13 14:29:54,port1,up,26.562,0.0,0.0,0.0,29.633,2.837,2427.305,40.87,15.479,16.477,-4.633,1.098,51.926,8.5,4.0
2025-05-13 14:29:55,port1,up,28.58,0.0,0.0,0.0,30.117,2.764,2340.781,42.053,12.407,17.381,-2.4,0.621,54.066,8.5,4.0
2025-05-13 14:29:56,port1,up,20.088,0.0,0.0,0.0,27.307,2.82,2471.746,40.153,11.646,17.62,-3.678,0.446,34.153,8.5,4.0
2025-05-13 14:29:57,port1,up,25.851,0.0,0.0,0.0,25.147,2.799,2572.961,38.308,11.464,17.368,-5.886,-0.357,54.628,8.5,4.0
2025-05-13 14:29:58,port1,up,30.341,0.0,0.0,0.0,28.642,2.831,2433.973,40.573,10.823,17.788,-3.995,-0.449,40.015,8.5,4.0
2025-05-13 14:29:59,port1,up,28.018,0.0,0.0,0.0,29.929,2.764,2489.629,41.274,10.779,17.96,-4.658,0.648,71.453,8.5,4.0
2025-05-13 14:30:00,port1,up,26.133,0.0,0.0,0.0,26.463,2.702,2415.136,39.286,11.656,17.764,-3.736,-0.423,60.773,8.5,4.0
2025-05-13 14:30:01,port1,up,25.597,0.0,0.0,0.0,27.692,2.804,2379.704,40.966,11.398,17.567,-4.339,-0.433,38.556,8.5,4.0
2025-05-13 14:30:02,port1,up,28.372,0.0,0.0,0.0,29.009,2.78,2451.348,40.244,13.456,17.537,-2.628,0.023,70.168,8.5,4.0
2025-05-13 14:30:03,port1,up,22.011,0.0,0.0,0.0,29.225,2.733,2566.077,41.18,8.362,17.469,-4.354,-0.094,42.939,8.5,4.0
2025-05-13 14:30:04,port1,up,25.468,0.0,0.0,0.0,25.7,2.816,2653.824,40.118,11.314,17.006,-3.997,0.055,39.971,8.5,4.0
2025-05-13 14:30:05,port1,up,29.375,0.0,0.0,0.0,27.859,2.764,2499.585,41.677,12.297,17.202,-3.484,0.067,27.568,8.5,4.0
2025-05-13 14:30:06,port1,up,23.119,0.0,0.0,0.0,27.182,2.723,2349.294,39.745,14.494,17.403,-4.005,0.993,31.137,8.5,4.0
2025-05-13 14:30:07,port1,up,28.798,0.0,0.0,0.0,23.862,2.803,2681.312,40.51,12.253,18.263,-4.653,-0.0,23.734,8.5,4.0
2025-05-13 14:30:08,port1,up,25.864,0.0,0.0,0.0,30.299,2.733,2460.513,41.249,15.918,17.308,-4.123,0.167,46.124,8.5,4.0
2025-05-13 14:30:09,port1,up,26.409,0.0,0.0,0.0,30.532,2.774,2499.607,39.136,10.718,17.15,-4.618,0.598,48.786,8.5,4.0
2025-05-13 14:30:10,port1,up,28.69,0.0,0.0,0.0,30.893,2.853,2626.331,39.916,12.199,17.209,-4.902,-0.793,14.863,8.5,4.0
2025-05-13 14:30:11,port1,up,28.443,0.0,0.0,0.0,31.4,2.832,2539.962,38.625,14.3,18.04,-3.818,-0.46,31.228,8.5,4.0
2025-05-13 14:30:12,port1,up,25.29,0.0,0.0,0.0,30.589,2.713,2606.609,40.223,14.452,17.252,-4.009,0.104,66.995,8.5,4.0
2025-05-13 14:30:13,port1,up,26.544,0.0,0.0,0.0,26.74,2.764,2450.984,39.472,12.147,17.246,-4.684,-0.2,48.591,8.5,4.0
2025-05-13 14:30:14,port1,up,21.39,0.0,0.0,0.0,27.975,2.799,2453.159,40.253,16.241,17.067,-4.412,-0.416,43.388,8.5,4.0
2025-05-13 14:30:15,port1,up,30.209,0.0,0.0,0.0,27.307,2.779,2479.343,38.872,13.804,17.128,-4.004,0.61,20.896,8.5,4.0
2025-05-13 14:30:16,port1,up,24.234,0.0,0.0,0.0,22.054,2.737,2304.873,38.738,10.511,17.193,-1.825,0.54,53.181,8.5,4.0
2025-05-13 14:30:17,port1,up,24.145,0.0,0.0,0.0,26.032,2.761,2530.848,38.324,15.534,18.195,-4.882,0.323,47.515,8.5,4.0
2025-05-13 14:30:18,port1,up,24.979,0.0,0.0,0.0,33.971,2.739,2566.627,40.581,10.857,16.893,-5.092,-0.578,32.509,8.5,4.0
2025-05-13 14:30:19,port1,up,22.079,0.0,0.0,0.0,30.292,2.754,2462.451,39.572,10.843,17.721,-3.488,0.484,36.694,8.5,4.0
2025-05-13 14:30:20,port1,up,27.694,0.0,0.0,0.0,30.985,2.773,2390.019,40.821,13.093,17.338,-3.532,0.378,28.35,8.5,4.0
2025-05-13 14:30:21,port1,up,25.63,0.0,0.0,0.0,27.016,2.695,2673.378,40.301,16.794,17.583,-2.878,-0.061,47.2,8.5,4.0
2025-05-13 14:30:22,port1,up,26.546,0.0,0.0,0.0,27.109,2.754,2595.097,40.373,10.837,17.322,-4.199,-0.393,62.365,8.5,4.0
2025-05-13 14:30:23,port1,up,27.946,0.0,0.0,0.0,28.267,2.748,2560.998,40.041,14.106,17.819,-5.983,-0.055,39.899,8.5,4.0
2025-05-13 14:30:24,port1,up,23.558,0.0,0.0,0.0,30.01,2.789,2513.55,39.411,9.948,18.034,-3.396,1.281,51.525,8.5,4.0
2025-05-13 14:30:25,port1,up,30.549,0.0,0.0,0.0,23.721,2.745,2378.008,39.709,14.74,18.463,-4.282,0.055,56.454,8.5,4.0
2025-05-13 14:30:26,port1,up,22.889,0.0,0.0,0.0,27.216,2.792,2348.827,39.792,10.92,17.559,-3.463,-0.993,58.239,8.5,4.0
2025-05-13 14:30:27,port1,up,23.937,0.0,0.0,0.0,28.484,2.812,2483.6,41.03,13.906,17.414,-3.647,1.033,40.466,8.5,4.0
2025-05-13 14:30:28,port1,up,26.336,0.0,0.0,0.0,26.546,2.815,2453.542,40.245,11.503,17.849,-5.6,-0.007,53.528,8.5,4.0
2025-05-13 14:30:29,port1,down,,,,,,,,,,,,,,,
2025-05-13 14:30:30,port1,up,26.512,0.0,0.0,0.0,25.837,2.717,2343.671,38.852,7.243,17.179,-4.819,0.223,48.7,8.5,4.0
2025-05-13 14:30:31,port1,up,28.846,0.0,0.0,0.0,20.67,2.835,2581.172,41.062,11.909,17.9,-5.657,0.947,51.197,8.5,4.0
2025-05-13 14:30:32,port1,up,31.51,0.0,0.0,0.0,25.707,2.752,2519.403,39.632,16.423,16.805,-5.803,-0.328,37.797,8.5,4.0
2025-05-13 14:30:33,port1,up,22.242,0.0,0.0,0.0,29.697,2.814,2372.031,40.898,14.38,17.615,-2.538,0.353,54.2,8.5,4.0
2025-05-13 14:30:34,port1,up,31.077,0.0,0.0,0.0,29.834,2.802,2452.095,39.551,13.588,16.611,-4.212,0.182,28.198,8.5,4.0
2025-05-13 14:30:35,port1,up,31.478,0.0,0.0,0.0,26.372,2.73,2518.232,38.943,14.639,18.665,-4.736,0.15,53.061,8.5,4.0
2025-05-13 14:30:36,port1,up,28.637,0.0,0.0,0.0,21.998,2.712,2492.233,39.954,15.503,17.283,-5.863,0.193,31.242,8.5,4.0
2025-05-13 14:30:37,port1,up,29.67,0.0,0.0,0.0,26.479,2.786,2666.478,38.324,11.693,17.239,-4.093,-0.376,38.983,8.5,4.0
2025-05-13 14:30:38,port1,up,29.632,0.0,0.0,0.0,23.85,2.707,2467.659,39.617,8.102,17.435,-5.52,0.718,27.503,8.5,4.0
2025-05-13 14:30:39,port1,up,29.63,0.0,0.0,0.0,31.08,2.648,2458.42,39.829,9.556,18.217,-3.641,-1.024,41.724,8.5,4.0
2025-05-13 14:30:40,port1,up,28.464,0.0,0.0,0.0,29.087,2.774,2575.955,41.266,12.502,17.189,-4.078,0.479,54.777,8.5,4.0
2025-05-13 14:30:41,port1,up,24.942,0.0,0.0,0.0,27.988,2.711,2562.332,41.408,12.386,17.734,-4.197,0.127,32.357,8.5,4.0
2025-05-13 14:30:42,port1,up,23.115,0.0,0.0,0.0,30.757,2.84,2408.705,41.22,13.993,17.426,-4.01,-0.427,34.357,8.5,4.0
2025-05-13 14:30:43,port1,up,26.66,0.0,0.0,0.0,31.779,2.78,2391.43,38.479,10.435,16.906,-5.179,-0.797,34.079,8.5,4.0
2025-05-13 14:30:44,port1,up,23.022,0.0,0.0,0.0,27.647,2.909,2540.597,39.0,12.473,17.4,-5.964,-0.098,41.722,8.5,4.0
2025-05-13 14:30:45,port1,up,28.111,0.0,0.0,0.0,27.733,2.754,2561.143,40.619,10.44,18.283,-3.577,-1.1,55.611,8.5,4.0
2025-05-13 14:30:46,port1,up,27.903,0.0,0.0,0.0,25.141,2.857,2422.645,38.483,12.067,17.445,-2.68,-0.614,48.473,8.5,4.0
2025-05-13 14:30:47,port1,up,24.103,0.0,0.0,0.0,29.194,2.7,2593.638,41.311,12.167,17.401,-4.66,-0.288,51.577,8.5,4.0
2025-05-13 14:30:48,port1,up,25.974,0.0,0.0,0.0,26.657,2.876,2523.261,40.498,14.238,17.817,-3.675,0.421,33.077,8.5,4.0
2025-05-13 14:30:49,port1,up,27.662,0.0,0.0,0.0,28.472,2.742,2502.381,40.476,14.111,17.433,-4.107,0.526,40.776,8.5,4.0
2025-05-13 14:30:50,port1,up,30.635,0.0,0.0,0.0,28.947,2.79,2451.993,41.918,12.191,17.7,-4.725,0.53,33.416,8.5,4.0
2025-05-13 14:30:51,port1,up,23.472,0.0,0.0,0.0,31.431,2.784,2422.303,40.769,13.342,16.629,-3.923,0.71,46.691,8.5,4.0
2025-05-13 14:30:52,port1,up,34.424,0.0,0.0,0.0,27.086,2.821,2416.996,39.296,15.127,17.676,-5.022,0.218,54.463,8.5,4.0
2025-05-13 14:30:53,port1,up,28.511,0.0,0.0,0.0,25.306,2.807,2578.45,39.839,11.768,17.985,-5.715,0.218,44.001,8.5,4.0
2025-05-13 14:30:54,port1,up,25.087,0.0,0.0,0.0,28.341,2.809,2565.617,39.147,15.075,17.999,-2.854,-0.021,58.242,8.5,4.0
2025-05-13 14:30:55,port1,up,24.774,0.0,0.0,0.0,26.636,2.644,2489.548,41.468,13.609,16.61,-3.796,0.465,53.115,8.5,4.0
2025-05-13 14:30:56,port1,up,29.754,0.0,0.0,0.0,29.677,2.863,2640.081,38.357,14.089,16.818,-5.127,0.769,33.332,8.5,4.0
2025-05-13 14:30:57,port1,up,26.862,0.0,0.0,0.0,30.283,2.792,2516.297,42.034,16.669,16.935,-4.886,-0.749,56.675,8.5,4.0
2025-05-13 14:30:58,port1,up,27.03,0.0,0.0,0.0,33.677,2.701,2482.283,41.731,9.103,17.4,-6.882,-0.391,45.051,8.5,4.0
2025-05-13 14:30:59,port1,up,28.287,0.0,0.0,0.0,29.01,2.743,2494.782,39.725,12.56,17.531,-4.161,-0.08,35.424,8.5,4.0
2025-05-13 14:31:00,port1,up,25.025,0.0,0.0,0.0,24.933,2.747,2469.984,40.647,9.294,17.555,-5.583,-0.206,40.51,8.5,4.0
2025-05-13 14:31:01,port1,up,27.871,0.0,0.0,0.0,27.454,2.862,2660.222,40.834,12.519,17.472,-4.529,-0.344,44.879,8.5,4.0
2025-05-13 14:31:02,port1,up,28.878,0.0,0.0,0.0,25.705,2.723,2499.497,39.035,13.076,17.775,-2.859,-0.361,46.072,8.5,4.0
2025-05-13 14:31:03,port1,up,26.239,0.0,0.0,0.0,24.137,2.814,2348.5,40.406,13.805,17.617,-4.566,0.099,33.921,8.5,4.0
2025-05-13 14:31:04,port1,up,27.998,0.0,0.0,0.0,28.392,2.839,2511.634,40.004,8.348,17.884,-4.337,0.38,28.491,8.5,4.0
2025-05-13 14:31:05,port1,up,31.375,0.0,0.0,0.0,27.815,2.76,2470.495,39.455,10.801,17.074,-4.206,0.915,34.944,8.5,4.0
2025-05-13 14:31:06,port1,up,26.625,0.0,0.0,0.0,29.012,2.751,2471.467,38.985,13.597,17.537,-4.622,0.031,35.331,8.5,4.0
2025-05-13 14:31:07,port1,up,24.453,0.0,0.0,0.0,31.288,2.74,2471.864,41.965,16.87,17.118,-2.847,0.434,47.34,8.5,4.0
2025-05-13 14:31:08,port1,up,28.269,0.0,0.0,0.0,28.093,2.724,2445.172,39.69,13.868,18.071,-2.586,0.302,36.432,8.5,4.0
2025-05-13 14:31:09,port1,up,22.745,0.0,0.0,0.0,28.237,2.744,2608.584,41.087,16.298,18.304,-5.954,0.278,38.783,8.5,4.0
2025-05-13 14:31:10,port1,up,24.899,0.0,0.0,0.0,31.844,2.688,2286.337,39.174,12.147,17.666,-5.653,-0.487,27.603,8.5,4.0
2025-05-13 14:31:11,port1,up,22.154,0.0,0.0,0.0,27.373,2.819,2514.162,38.906,13.964,16.448,-5.264,-0.362,47.154,8.5,4.0
2025-05-13 14:31:12,port1,down,,,,,,,,,,,,,,,
2025-05-13 14:31:13,port1,up,29.985,0.0,0.0,0.0,31.273,2.765,2518.709,41.604,13.339,16.552,-3.977,0.261,45.757,8.5,4.0
2025-05-13 14:31:14,port1,up,25.877,0.0,0.0,0.0,25.917,2.87,2514.796,39.703,15.471,17.472,-5.019,-0.216,52.139,8.5,4.0
2025-05-13 14:31:15,port1,up,27.405,0.0,0.0,0.0,34.925,2.727,2647.969,39.19,14.186,18.294,-5.218,0.727,27.193,8.5,4.0
2025-05-13 14:31:16,port1,up,29.278,0.0,0.0,0.0,31.858,2.755,2629.204,39.703,11.516,17.463,-3.176,0.434,39.457,8.5,4.0
2025-05-13 14:31:17,port1,up,24.474,0.0,0.0,0.0,24.757,2.746,2542.546,40.054,13.705,16.939,-4.979,-0.935,45.599,8.5,4.0
2025-05-13 14:31:18,port1,up,27.551,0.0,0.0,0.0,22.742,2.787,2568.003,40.495,11.448,16.789,-3.427,-0.801,32.836,8.5,4.0
2025-05-13 14:31:19,port1,up,25.348,0.0,0.0,0.0,30.799,2.74,2492.389,39.714,17.64,18.159,-4.455,-0.555,43.068,8.5,4.0
2025-05-13 14:31:20,port1,up,34.797,0.0,0.0,0.0,27.946,2.832,2466.395,39.505,11.828,18.215,-2.125,-0.54,47.871,8.5,4.0
2025-05-13 14:31:21,port1,up,28.069,0.0,0.0,0.0,26.608,2.766,2430.816,40.523,10.939,17.888,-3.469,0.147,56.734,8.5,4.0
2025-05-13 14:31:22,port1,up,27.569,0.0,0.0,0.0,24.637,2.915,2478.155,40.695,13.356,16.269,-2.465,-0.523,53.774,8.5,4.0
2025-05-13 14:31:23,port1,up,27.102,0.0,0.0,0.0,33.179,2.758,2438.972,40.947,12.532,17.323,-3.612,-0.306,61.728,8.5,4.0
2025-05-13 14:31:24,port1,up,28.193,0.0,0.0,0.0,22.226,2.757,2300.401,40.987,12.976,17.003,-4.036,0.167,44.183,8.5,4.0
2025-05-13 14:31:25,port1,up,30.313,0.0,0.0,0.0,24.197,2.707,2408.545,37.971,8.066,17.528,-3.575,-0.039,55.309,8.5,4.0
2025-05-13 14:31:26,port1,up,26.682,0.0,0.0,0.0,26.624,2.828,2479.825,40.029,14.775,17.799,-6.015,-0.012,34.877,8.5,4.0
2025-05-13 14:31:27,port1,up,30.718,0.0,0.0,0.0,30.542,2.763,2483.631,41.131,16.614,17.96,-4.4,0.311,61.01,8.5,4.0
2025-05-13 14:31:28,port1,up,28.417,0.0,0.0,0.0,32.928,2.78,2402.954,40.16,15.776,17.663,-3.847,0.808,47.373,8.5,4.0
2025-05-13 14:31:29,port1,up,26.45,0.0,0.0,0.0,30.142,2.775,2559.292,41.292,11.994,16.962,-5.0,0.15,51.861,8.5,4.0
2025-05-13 14:31:30,port1,up,29.7,0.0,0.0,0.0,25.75,2.802,2704.717,39.835,11.617,18.238,-3.783,0.517,42.124,8.5,4.0
2025-05-13 14:31:31,port1,up,27.981,0.0,0.0,0.0,24.439,2.885,2433.059,38.726,15.413,17.424,-3.834,-0.024,26.117,8.5,4.0
2025-05-13 14:31:32,port1,up,22.1,0.0,0.0,0.0,27.468,2.773,2384.275,39.174,14.55,17.332,-4.591,-0.912,40.841,8.5,4.0
2025-05-13 14:31:33,port1,up,28.273,0.0,0.0,0.0,24.275,2.788,2725.758,39.254,12.934,17.4,-5.74,-0.394,42.102,8.5,4.0
2025-05-13 14:31:34,port1,up,26.929,0.0,0.0,0.0,31.689,2.779,2432.937,39.603,10.437,17.422,-3.662,-0.508,62.135,8.5,4.0
2025-05-13 14:31:35,port1,up,33.025,0.0,0.0,0.0,27.34,2.729,2344.611,40.748,11.366,17.486,-1.838,0.334,37.584,8.5,4.0
2025-05-13 14:31:36,port1,up,27.53,0.0,0.0,0.0,26.682,2.778,2412.549,40.384,14.306,17.989,-4.749,0.032,32.581,8.5,4.0
2025-05-13 14:31:37,port1,up,26.295,0.0,0.0,0.0,26.202,2.769,2434.927,39.672,10.879,17.83,-4.425,-0.218,28.452,8.5,4.0
2025-05-13 14:31:38,port1,up,23.474,0.0,0.0,0.0,27.103,2.802,2439.491,40.471,12.422,17.748,-5.819,0.126,36.094,8.5,4.0
2025-05-13 14:31:39,port1,up,26.418,0.0,0.0,0.0,26.222,2.759,2439.443,39.164,13.886,16.675,-3.874,-0.527,54.339,8.5,4.0
2025-05-13 14:31:40,port1,up,23.004,0.0,0.0,0.0,27.163,2.763,2422.029,40.832,12.568,17.58,-3.324,-0.257,32.725,8.5,4.0
2025-05-13 14:31:41,port1,up,24.021,0.0,0.0,0.0,29.488,2.756,2394.026,40.553,9.901,17.866,-4.071,-0.393,41.407,8.5,4.0
2025-05-13 14:31:42,port1,up,27.252,0.0,0.0,0.0,28.16,2.771,2368.446,42.109,12.546,17.625,-4.021,0.178,27.824,8.5,4.0
2025-05-13 14:31:43,port1,up,28.195,0.0,0.0,0.0,28.921,2.842,2327.452,40.0,10.33,18.682,-5.795,0.345,33.8,8.5,4.0
2025-05-13 14:31:44,port1,up,29.013,0.0,0.0,0.0,25.775,2.82,2477.708,39.752,14.222,17.226,-4.359,-0.516,38.835,8.5,4.0
2025-05-13 14:31:45,port1,up,22.401,0.0,0.0,0.0,28.104,2.807,2499.392,40.154,10.094,18.212,-4.318,-0.207,42.913,8.5,4.0
2025-05-13 14:31:46,port1,up,28.168,0.0,0.0,0.0,27.51,2.772,2519.674,39.054,13.279,17.192,-4.244,0.172,55.854,8.5,4.0
2025-05-13 14:31:47,port1,up,25.465,0.0,0.0,0.0,30.274,2.787,2411.895,39.948,12.246,17.859,-5.426,0.03,46.756,8.5,4.0
2025-05-13 14:31:48,port1,up,31.946,0.0,0.0,0.0,30.335,2.826,2343.098,40.518,11.805,16.886,-4.029,-0.966,36.26,8.5,4.0
2025-05-13 14:31:49,port1,up,27.689,0.0,0.0,0.0,30.136,2.816,2491.212,39.554,13.123,18.121,-4.175,-0.491,31.413,8.5,4.0
2025-05-13 14:31:50,port1,up,24.308,0.0,0.0,0.0,28.819,2.743,2692.802,40.26,9.187,17.424,-5.595,0.666,65.292,8.5,4.0
2025-05-13 14:31:51,port1,up,24.485,0.0,0.0,0.0,26.913,2.765,2422.497,41.284,11.14,17.43,-4.897,-0.047,45.816,8.5,4.0
2025-05-13 14:31:52,port1,up,27.864,0.0,0.0,0.0,28.615,2.743,2394.3,40.482,12.355,17.384,-2.731,0.207,32.55,8.5,4.0
2025-05-13 14:31:53,port1,up,25.246,0.0,0.0,0.0,25.007,2.706,2594.311,38.639,12.156,17.101,-6.139,0.051,62.58,8.5,4.0
2025-05-13 14:31:54,port1,up,29.391,0.0,0.0,0.0,27.966,2.717,2519.293,39.611,13.532,17.287,-4.844,0.692,53.34,8.5,4.0
2025-05-13 14:31:55,port1,up,24.645,0.0,0.0,0.0,32.696,2.84,2511.935,38.353,14.121,17.358,-2.548,0.167,36.582,8.5,4.0
2025-05-13 14:31:56,port1,up,27.566,0.0,0.0,0.0,29.413,2.79,2362.429,39.857,12.141,17.622,-4.416,-1.137,19.765,8.5,4.0
2025-05-13 14:31:57,port1,up,24.489,0.0,0.0,0.0,32.351,2.827,2484.908,41.01,13.025,18.337,-5.029,-0.123,53.427,8.5,4.0
2025-05-13 14:31:58,port1,up,24.524,0.0,0.0,0.0,29.782,2.798,2419.047,39.005,13.419,17.777,-5.705,1.079,45.119,8.5,4.0
2025-05-13 14:31:59,port1,up,28.546,0.0,0.0,0.0,24.794,2.829,2461.05,41.3,12.776,17.981,-3.396,0.254,44.606,8.5,4.0
2025-05-13 14:32:00,port1,up,30.586,0.0,0.0,0.0,31.134,2.681,2616.847,40.477,12.768,17.42,-4.652,1.333,44.725,8.5,4.0
2025-05-13 14:32:01,port1,up,21.827,0.0,0.0,0.0,24.598,2.734,2687.496,40.622,16.275,18.514,-4.917,0.373,35.707,8.5,4.0
2025-05-13 14:32:02,port1,up,30.026,0.0,0.0,0.0,24.052,2.743,2595.079,41.188,9.701,17.946,-4.584,0.467,47.669,8.5,4.0
2025-05-13 14:32:03,port1,up,29.377,0.0,0.0,0.0,29.067,2.799,2601.153,39.521,11.423,17.505,-4.642,0.103,61.882,8.5,4.0
2025-05-13 14:32:04,port1,up,23.29,0.0,0.0,0.0,27.586,2.748,2632.584,40.662,12.857,17.605,-3.567,-0.567,38.259,8.5,4.0
2025-05-13 14:32:05,port1,up,26.6,0.0,0.0,0.0,29.976,2.796,2570.089,41.531,12.1,17.781,-3.304,0.014,54.626,8.5,4.0
2025-05-13 14:32:06,port1,up,21.9,0.0,0.0,0.0,30.517,2.806,2336.649,39.02,13.55,17.174,-3.102,0.568,30.229,8.5,4.0
2025-05-13 14:32:07,port1,up,25.726,0.0,0.0,0.0,26.585,2.787,2474.899,38.417,12.461,18.242,-4.592,0.056,49.285,8.5,4.0
2025-05-13 14:32:08,port1,up,27.316,0.0,0.0,0.0,30.833,2.725,2493.107,38.776,15.783,17.766,-4.165,-1.032,38.611,8.5,4.0
2025-05-13 14:32:09,port1,up,29.944,0.0,0.0,0.0,30.591,2.799,2573.038,40.312,10.689,16.859,-3.229,0.07,22.762,8.5,4.0
2025-05-13 14:32:10,port1,up,31.676,0.0,0.0,0.0,29.63,2.816,2390.872,40.485,11.795,17.366,-4.047,-0.971,17.85,8.5,4.0
2025-05-13 14:32:11,port1,up,28.652,0.0,0.0,0.0,29.157,2.707,2461.177,38.785,14.159,17.276,-5.368,0.248,47.827,8.5,4.0
2025-05-13 14:32:12,port1,up,26.949,0.0,0.0,0.0,29.901,2.706,2420.686,40.896,11.444,17.502,-4.8,-0.649,38.499,8.5,4.0
2025-05-13 14:32:13,port1,up,29.581,0.0,0.0,0.0,24.8,2.76,2398.367,40.495,15.786,17.479,-2.733,-0.018,52.769,8.5,4.0
2025-05-13 14:32:14,port1,up,24.859,0.0,0.0,0.0,27.813,2.771,2601.512,38.789,14.435,18.215,-4.357,-0.421,38.254,8.5,4.0
2025-05-13 14:32:15,port1,up,30.807,0.0,0.0,0.0,26.858,2.791,2315.325,41.949,12.1,17.612,-3.772,0.519,73.411,8.5,4.0
2025-05-13 14:32:16,port1,up,29.996,0.0,0.0,0.0,30.834,2.808,2430.05,40.144,13.898,16.768,-2.47,-0.262,43.743,8.5,4.0
2025-05-13 14:32:17,port1,up,24.198,0.0,0.0,0.0,27.892,2.722,2601.78,39.917,12.301,17.327,-3.589,-0.563,37.969,8.5,4.0
2025-05-13 14:32:18,port1,up,24.689,0.0,0.0,0.0,23.811,2.726,2515.373,40.654,11.814,17.831,-5.198,-0.073,57.991,8.5,4.0
2025-05-13 14:32:19,port1,up,29.484,0.0,0.0,0.0,25.302,2.865,2473.952,39.337,9.689,17.277,-2.772,-0.155,49.678,8.5,4.0
2025-05-13 14:32:20,port1,up,30.729,0.0,0.0,0.0,26.586,2.786,2274.252,40.704,12.546,16.385,-4.094,0.658,39.497,8.5,4.0
2025-05-13 14:32:21,port1,up,27.38,0.0,0.0,0.0,24.192,2.75,2413.902,37.786,12.96,17.909,-4.317,-0.335,40.962,8.5,4.0
2025-05-13 14:32:22,port1,up,32.453,0.0,0.0,0.0,24.869,2.781,2362.177,39.455,8.447,17.458,-4.698,0.297,48.771,8.5,4.0
2025-05-13 14:32:23,port1,up,27.598,0.0,0.0,0.0,26.127,2.814,2441.697,38.838,14.95,18.1,-6.007,-0.07,19.864,8.5,4.0
2025-05-13 14:32:24,port1,up,27.32,0.0,0.0,0.0,31.848,2.768,2493.831,38.628,11.74,17.926,-5.013,0.557,49.001,8.5,4.0
2025-05-13 14:32:25,port1,up,21.34,0.0,0.0,0.0,24.55,2.826,2352.645,39.741,14.018,17.612,-4.126,0.705,42.565,8.5,4.0
2025-05-13 14:32:26,port1,up,26.842,0.0,0.0,0.0,25.485,2.796,2583.314,40.02,10.286,17.781,-3.698,0.556,41.409,8.5,4.0
2025-05-13 14:32:27,port1,up,24.857,0.0,0.0,0.0,29.387,2.703,2708.978,39.07,13.319,17.83,-3.889,0.521,24.683,8.5,4.0
2025-05-13 14:32:28,port1,up,29.16,0.0,0.0,0.0,24.785,2.725,2393.802,40.449,15.883,18.061,-5.181,-0.642,35.218,8.5,4.0
2025-05-13 14:32:29,port1,up,27.045,0.0,0.0,0.0,26.144,2.798,2533.971,39.837,11.658,17.813,-4.04,0.663,40.012,8.5,4.0
2025-05-13 14:32:30,port1,up,24.482,0.0,0.0,0.0,28.386,2.782,2435.214,39.29,9.541,17.929,-2.975,0.0,54.648,8.5,4.0
2025-05-13 14:32:31,port1,up,25.32,0.0,0.0,0.0,27.428,2.883,2383.376,41.062,8.693,17.039,-3.249,0.774,32.248,8.5,4.0
2025-05-13 14:32:32,port1,up,24.194,0.0,0.0,0.0,30.404,2.718,2451.88,37.939,10.976,17.721,-3.809,0.026,48.612,8.5,4.0
2025-05-13 14:32:33,port1,up,30.898,0.0,0.0,0.0,26.839,2.749,2373.228,40.007,14.154,16.921,-7.164,-0.892,43.624,8.5,4.0
2025-05-13 14:32:34,port1,up,27.059,0.0,0.0,0.0,32.206,2.871,2538.801,39.815,13.893,16.461,-5.138,-0.351,47.713,8.5,4.0
2025-05-13 14:32:35,port1,up,29.162,0.0,0.0,0.0,29.158,2.766,2515.304,39.996,15.847,17.718,-3.455,-0.714,49.59,8.5,4.0
2025-05-13 14:32:36,port1,up,24.165,0.0,0.0,0.0,28.353,2.822,2417.471,40.104,13.604,17.923,-5.027,-0.154,62.18,8.5,4.0
2025-05-13 14:32:37,port1,up,26.75,0.0,0.0,0.0,27.896,2.783,2436.691,42.008,13.974,17.29,-3.833,0.928,46.755,8.5,4.0
2025-05-13 14:32:38,port1,up,26.217,0.0,0.0,0.0,28.993,2.845,2496.862,40.178,10.702,17.52,-5.198,0.342,52.366,8.5,4.0
2025-05-13 14:32:39,port1,up,27.125,0.0,0.0,0.0,31.324,2.833,2623.032,40.632,15.23,16.598,-2.944,-0.528,37.894,8.5,4.0
2025-05-13 14:32:40,port1,up,28.519,0.0,0.0,0.0,30.341,2.797,2498.674,40.476,13.063,17.731,-4.219,0.161,29.335,8.5,4.0
2025-05-13 14:32:41,port1,up,26.936,0.0,0.0,0.0,30.442,2.783,2375.883,38.992,13.975,17.118,-6.457,-0.486,52.645,8.5,4.0
2025-05-13 14:32:42,port1,up,27.227,0.0,0.0,0.0,31.149,2.765,2493.683,38.744,9.573,17.402,-5.479,-0.578,49.772,8.5,4.0
2025-05-13 14:32:43,port1,up,24.569,0.0,0.0,0.0,25.251,2.726,2740.552,41.51,12.815,16.453,-4.315,-0.135,28.011,8.5,4.0
2025-05-13 14:32:44,port1,up,24.952,0.0,0.0,0.0,29.133,2.721,2460.424,39.106,13.938,17.47,-5.429,-0.113,41.91,8.5,4.0
2025-05-13 14:32:45,port1,up,28.268,0.0,0.0,0.0,29.226,2.825,2658.46,39.752,14.451,17.397,-3.434,0.087,38.352,8.5,4.0
2025-05-13 14:32:46,port1,up,29.18,0.0,0.0,0.0,27.482,2.883,2639.771,39.193,13.042,18.802,-2.861,-0.228,33.346,8.5,4.0
2025-05-13 14:32:47,port1,up,29.948,0.0,0.0,0.0,29.333,2.732,2301.16,40.048,11.58,17.502,-4.928,-0.684,60.575,8.5,4.0
2025-05-13 14:32:48,port1,up,34.843,0.0,0.0,0.0,26.287,2.853,2479.865,39.839,12.659,18.249,-4.614,-0.473,26.588,8.5,4.0
2025-05-13 14:32:49,port1,up,22.4,0.0,0.0,0.0,27.161,2.82,2555.33,39.588,12.723,17.261,-3.58,0.818,41.866,8.5,4.0
2025-05-13 14:32:50,port1,up,31.088,0.0,0.0,0.0,26.693,2.815,2452.118,39.711,11.577,17.481,-4.408,0.035,47.976,8.5,4.0
2025-05-13 14:32:51,port1,up,26.75,0.0,0.0,0.0,29.302,2.757,2633.251,40.41,9.927,18.886,-2.043,-0.204,48.715,8.5,4.0
2025-05-13 14:32:52,port1,up,30.751,0.0,0.0,0.0,30.254,2.747,2436.362,41.224,12.713,16.811,-4.212,-0.124,48.336,8.5,4.0
2025-05-13 14:32:53,port1,up,31.978,0.0,0.0,0.0,27.365,2.697,2470.188,39.834,10.927,17.222,-5.135,0.417,43.791,8.5,4.0
2025-05-13 14:32:54,port1,up,28.343,0.0,0.0,0.0,27.053,2.827,2475.597,41.455,14.626,16.989,-3.965,-0.309,47.209,8.5,4.0
2025-05-13 14:32:55,port1,up,29.605,0.0,0.0,0.0,26.07,2.883,2429.304,39.891,14.815,17.203,-2.88,0.27,41.711,8.5,4.0
2025-05-13 14:32:56,port1,up,23.788,0.0,0.0,0.0,20.914,2.792,2351.968,39.857,14.716,17.4,-2.846,0.112,42.453,8.5,4.0
2025-05-13 14:32:57,port1,up,28.765,0.0,0.0,0.0,25.054,2.846,2333.868,40.461,11.274,16.75,-5.58,-0.843,48.841,8.5,4.0
2025-05-13 14:32:58,port1,up,18.89,0.0,0.0,0.0,25.459,2.75,2735.527,40.258,12.901,17.342,-5.514,0.41,42.246,8.5,4.0
2025-05-13 14:32:59,port1,up,30.145,0.0,0.0,0.0,26.349,2.798,2598.166,39.742,14.293,17.944,-3.693,-0.456,45.594,8.5,4.0
2025-05-13 14:33:00,port1,up,28.745,0.0,0.0,0.0,24.061,2.793,2513.081,39.731,12.78,17.11,-4.766,-0.655,53.569,8.5,4.0
2025-05-13 14:33:01,port1,up,25.713,0.0,0.0,0.0,26.155,2.752,2527.193,40.213,12.895,18.349,-4.956,0.112,43.082,8.5,4.0
2025-05-13 14:33:02,port1,up,20.681,0.0,0.0,0.0,26.709,2.735,2485.995,38.741,15.294,17.808,-4.655,-0.23,41.977,8.5,4.0
2025-05-13 14:33:03,port1,up,29.116,0.0,0.0,0.0,32.353,2.792,2382.626,39.983,13.373,16.514,-2.899,-0.499,39.587,8.5,4.0
2025-05-13 14:33:04,port1,up,27.216,0.0,0.0,0.0,25.783,2.761,2697.572,40.959,15.188,17.47,-4.566,0.377,36.565,8.5,4.0
2025-05-13 14:33:05,port1,up,27.211,0.0,0.0,0.0,29.814,2.767,2580.814,40.471,11.013,18.082,-5.131,0.637,39.771,8.5,4.0
2025-05-13 14:33:06,port1,up,31.772,0.0,0.0,0.0,27.234,2.738,2574.485,40.968,10.488,17.68,-5.516,-0.346,49.77,8.5,4.0
2025-05-13 14:33:07,port1,up,28.777,0.0,0.0,0.0,28.319,2.732,2577.319,39.483,13.549,16.755,-3.584,0.113,46.895,8.5,4.0
2025-05-13 14:33:08,port1,up,29.899,0.0,0.0,0.0,27.278,2.85,2521.856,39.518,11.785,18.397,-4.138,0.348,53.502,8.5,4.0
2025-05-13 14:33:09,port1,up,32.022,0.0,0.0,0.0,29.669,2.846,2490.788,39.783,10.5,18.425,-4.275,-0.052,56.16,8.5,4.0
2025-05-13 14:33:10,port1,up,27.807,0.0,0.0,0.0,26.329,2.752,2452.741,41.938,14.734,16.672,-5.616,-0.382,42.096,8.5,4.0
2025-05-13 14:33:11,port1,up,32.233,0.0,0.0,0.0,31.152,2.69,2654.176,39.865,16.381,17.852,-4.369,0.413,33.278,8.5,4.0
2025-05-13 14:33:12,port1,up,27.623,0.0,0.0,0.0,28.559,2.746,2568.371,39.511,10.839,17.722,-3.668,-0.786,40.127,8.5,4.0
2025-05-13 14:33:13,port1,up,27.964,0.0,0.0,0.0,26.13,2.744,2616.418,40.722,13.283,18.12,-4.268,0.754,42.709,8.5,4.0
2025-05-13 14:33:14,port1,up,31.228,0.0,0.0,0.0,27.985,2.843,2493.239,40.451,11.349,16.935,-3.811,0.038,24.484,8.5,4.0
2025-05-13 14:33:15,port1,up,21.86,0.0,0.0,0.0,28.991,2.807,2472.271,40.268,12.376,16.937,-3.637,0.839,39.407,8.5,4.0
2025-05-13 14:33:16,port1,up,31.191,0.0,0.0,0.0,27.213,2.741,2496.416,38.566,12.47,17.318,-6.695,-0.315,43.065,8.5,4.0
2025-05-13 14:33:17,port1,up,30.344,0.0,0.0,0.0,27.787,2.702,2326.308,39.554,12.961,17.05,-3.976,0.506,36.294,8.5,4.0
2025-05-13 14:33:18,port1,up,24.864,0.0,0.0,0.0,28.688,2.81,2448.955,40.134,14.191,16.881,-2.371,0.039,36.521,8.5,4.0
2025-05-13 14:33:19,port1,up,25.063,0.0,0.0,0.0,26.352,2.823,2554.936,40.96,14.947,17.782,-4.883,1.102,16.834,8.5,4.0
2025-05-13 14:33:20,port1,up,24.405,0.0,0.0,0.0,24.872,2.819,2601.092,41.357,13.673,16.667,-4.513,0.971,21.424,8.5,4.0
2025-05-13 14:33:21,port1,up,30.777,0.0,0.0,0.0,27.012,2.683,2522.33,40.278,15.446,17.459,-3.696,0.733,25.192,8.5,4.0
2025-05-13 14:33:22,port1,up,24.356,0.0,0.0,0.0,31.896,2.837,2369.137,38.77,16.108,17.661,-5.081,0.749,33.703,8.5,4.0
2025-05-13 14:33:23,port1,up,26.549,0.0,0.0,0.0,30.268,2.75,2615.946,39.877,13.155,18.075,-4.921,0.023,50.523,8.5,4.0
2025-05-13 14:33:24,port1,up,27.931,0.0,0.0,0.0,26.421,2.73,2599.884,39.078,9.974,17.811,-2.969,-0.084,42.915,8.5,4.0
2025-05-13 14:33:25,port1,up,29.977,0.0,0.0,0.0,25.993,2.783,2670.08,41.014,10.216,17.961,-2.828,0.22,22.71,8.5,4.0
2025-05-13 14:33:26,port1,up,21.641,0.0,0.0,0.0,26.588,2.734,2436.098,40.227,14.355,16.304,-4.296,-0.309,42.119,8.5,4.0
2025-05-13 14:33:27,port1,up,35.172,0.0,0.0,0.0,32.429,2.769,2714.779,39.409,16.815,17.791,-4.345,0.491,39.168,8.5,4.0
2025-05-13 14:33:28,port1,up,36.312,0.0,0.0,0.0,27.029,2.822,2430.225,40.579,12.103,17.771,-5.469,0.156,39.117,8.5,4.0
2025-05-13 14:33:29,port1,up,25.327,0.0,0.0,0.0,31.336,2.749,2414.112,40.641,10.537,17.585,-3.504,0.769,42.722,8.5,4.0
2025-05-13 14:33:30,port1,up,28.746,0.0,0.0,0.0,27.381,2.694,2527.371,40.257,16.213,17.277,-4.05,0.312,44.749,8.5,4.0
2025-05-13 14:33:31,port1,up,26.37,0.0,0.0,0.0,29.432,2.743,2679.89,38.762,10.969,17.168,-3.106,-0.008,21.27,8.5,4.0
2025-05-13 14:33:32,port1,up,23.94,0.0,0.0,0.0,29.717,2.804,2392.62,41.699,10.774,17.354,-4.354,-0.376,21.82,8.5,4.0
2025-05-13 14:33:33,port1,up,30.851,0.0,0.0,0.0,31.43,2.804,2608.533,40.003,16.383,17.223,-3.662,-0.312,43.462,8.5,4.0
2025-05-13 14:33:34,port1,up,27.705,0.0,0.0,0.0,28.924,2.742,2187.927,40.398,16.763,17.069,-4.924,-0.064,59.067,8.5,4.0
2025-05-13 14:33:35,port1,up,27.754,0.0,0.0,0.0,29.029,2.723,2425.376,39.64,12.961,18.838,-3.761,0.493,32.954,8.5,4.0
2025-05-13 14:33:36,port1,up,28.233,0.0,0.0,0.0,28.441,2.74,2426.209,39.475,15.017,17.16,-2.597,0.104,54.489,8.5,4.0
2025-05-13 14:33:37,port1,up,27.408,0.0,0.0,0.0,30.949,2.78,2555.982,38.957,12.449,16.875,-5.65,0.242,43.498,8.5,4.0
2025-05-13 14:33:38,port1,up,27.272,0.0,0.0,0.0,26.281,2.797,2573.155,40.808,10.68,18.078,-4.225,0.135,51.25,8.5,4.0
2025-05-13 14:33:39,port1,up,24.847,0.0,0.0,0.0,25.647,2.708,2604.347,37.998,12.741,17.293,-4.466,-0.924,45.775,8.5,4.0
2025-05-13 14:33:40,port1,up,28.327,0.0,0.0,0.0,29.91,2.797,2345.747,41.338,14.283,17.153,-3.051,-0.084,45.415,8.5,4.0
2025-05-13 14:33:41,port1,up,31.886,0.0,0.0,0.0,31.325,2.707,2459.644,40.726,12.916,18.232,-4.809,0.591,58.994,8.5,4.0
2025-05-13 14:33:42,port1,up,27.429,0.0,0.0,0.0,27.648,2.799,2373.665,41.681,13.454,16.691,-4.43,-0.619,51.157,8.5,4.0
2025-05-13 14:33:43,port1,up,24.522,0.0,0.0,0.0,33.49,2.76,2552.604,39.981,15.336,17.639,-5.015,0.293,36.519,8.5,4.0
2025-05-13 14:33:44,port1,up,26.672,0.0,0.0,0.0,31.185,2.714,2363.614,39.175,9.922,17.132,-4.334,0.007,43.712,8.5,4.0
2025-05-13 14:33:45,port1,up,25.031,0.0,0.0,0.0,28.867,2.765,2425.046,43.285,15.211,17.225,-4.445,0.629,50.968,8.5,4.0
2025-05-13 14:33:46,port1,up,24.318,0.0,0.0,0.0,29.629,2.704,2515.343,39.127,16.261,17.355,-3.534,0.531,37.213,8.5,4.0
2025-05-13 14:33:47,port1,up,27.324,0.0,0.0,0.0,32.57,2.829,2522.129,40.004,12.774,17.395,-4.378,0.269,33.676,8.5,4.0
2025-05-13 14:33:48,port1,up,26.699,0.0,0.0,0.0,31.985,2.776,2709.372,39.872,11.248,16.435,-4.476,-0.726,57.039,8.5,4.0
2025-05-13 14:33:49,port1,up,31.529,0.0,0.0,0.0,29.953,2.883,2481.097,39.7,11.638,17.168,-3.997,-0.092,52.022,8.5,4.0
2025-05-13 14:33:50,port1,up,27.994,0.0,0.0,0.0,28.609,2.871,2569.273,40.39,9.538,17.419,-5.058,0.531,33.562,8.5,4.0
2025-05-13 14:33:51,port1,up,29.236,0.0,0.0,0.0,24.779,2.889,2522.118,38.781,10.923,17.835,-2.763,0.507,45.665,8.5,4.0
2025-05-13 14:33:52,port1,up,28.923,0.0,0.0,0.0,26.126,2.851,2580.016,42.083,13.087,17.185,-3.949,0.73,26.718,8.5,4.0
2025-05-13 14:33:53,port1,up,26.554,0.0,0.0,0.0,29.053,2.705,2630.807,39.617,11.935,16.967,-4.349,0.341,41.277,8.5,4.0
2025-05-13 14:33:54,port1,up,24.861,0.0,0.0,0.0,30.43,2.766,2409.021,38.799,11.296,18.198,-5.876,0.762,45.542,8.5,4.0
2025-05-13 14:33:55,port1,up,29.365,0.0,0.0,0.0,28.22,2.698,2529.514,40.261,14.623,18.017,-5.28,-0.765,49.162,8.5,4.0
2025-05-13 14:33:56,port1,up,32.714,0.0,0.0,0.0,29.587,2.761,2477.868,39.915,12.325,18.186,-3.666,-0.34,33.77,8.5,4.0
2025-05-13 14:33:57,port1,up,29.802,0.0,0.0,0.0,30.216,2.782,2614.368,39.969,10.286,16.886,-2.731,0.282,23.625,8.5,4.0
2025-05-13 14:33:58,port1,up,31.099,0.0,0.0,0.0,26.025,2.76,2474.1,40.396,10.393,18.219,-4.078,-0.381,50.535,8.5,4.0
2025-05-13 14:33:59,port1,up,31.167,0.0,0.0,0.0,33.528,2.835,2619.165,38.615,12.446,18.239,-4.854,-0.542,42.193,8.5,4.0
2025-05-13 14:34:00,port1,up,30.556,0.0,0.0,0.0,28.667,2.765,2467.175,40.302,14.44,17.244,-4.254,-0.325,39.566,8.5,4.0
2025-05-13 14:34:01,port1,up,29.689,0.0,0.0,0.0,24.511,2.776,2511.942,40.238,10.785,17.597,-4.46,-0.439,53.923,8.5,4.0
2025-05-13 14:34:02,port1,up,23.898,0.0,0.0,0.0,28.431,2.851,2529.956,41.811,10.838,18.11,-3.768,-0.299,28.69,8.5,4.0
2025-05-13 14:34:03,port1,up,29.613,0.0,0.0,0.0,29.478,2.772,2397.194,38.598,8.971,16.485,-4.325,-0.125,47.737,8.5,4.0
2025-05-13 14:34:04,port1,up,30.004,0.0,0.0,0.0,26.339,2.754,2345.743,42.612,12.09,17.759,-5.708,0.95,37.819,8.5,4.0
2025-05-13 14:34:05,port1,up,25.902,0.0,0.0,0.0,26.31,2.885,2523.368,39.815,13.533,16.831,-4.318,1.378,46.847,8.5,4.0
2025-05-13 14:34:06,port1,up,27.177,0.0,0.0,0.0,27.064,2.766,2483.591,39.383,14.269,17.755,-4.509,-0.16,45.948,8.5,4.0
2025-05-13 14:34:07,port1,up,30.34,0.0,0.0,0.0,31.623,2.734,2670.169,38.004,12.205,17.362,-3.443,0.457,50.767,8.5,4.0
2025-05-13 14:34:08,port1,up,28.126,0.0,0.0,0.0,29.037,2.797,2339.836,40.785,12.339,18.111,-3.61,0.693,46.68,8.5,4.0
2025-05-13 14:34:09,port1,up,27.883,0.0,0.0,0.0,31.439,2.716,2398.923,41.4,12.417,17.89,-4.728,0.353,32.078,8.5,4.0
2025-05-13 14:34:10,port1,up,28.172,0.0,0.0,0.0,31.108,2.779,2455.867,39.708,14.049,17.522,-4.52,0.112,55.285,8.5,4.0
2025-05-13 14:34:11,port1,up,26.652,0.0,0.0,0.0,24.253,2.868,2446.175,41.049,12.777,17.584,-2.515,0.369,44.38,8.5,4.0
2025-05-13 14:34:12,port1,up,24.806,0.0,0.0,0.0,26.807,2.669,2749.236,41.271,15.339,18.219,-2.553,0.322,37.855,8.5,4.0
2025-05-13 14:34:13,port1,up,28.414,0.0,0.0,0.0,28.618,2.818,2564.789,40.869,11.422,18.226,-3.729,0.27,42.659,8.5,4.0
2025-05-13 14:34:14,port1,up,26.575,0.0,0.0,0.0,27.164,2.752,2804.664,39.9,9.469,17.048,-4.393,0.538,42.449,8.5,4.0
2025-05-13 14:34:15,port1,up,22.292,0.0,0.0,0.0,27.757,2.758,2179.004,40.881,10.844,18.046,-5.996,0.627,45.791,8.5,4.0
2025-05-13 14:34:16,port1,up,31.085,0.0,0.0,0.0,28.351,2.759,2405.013,40.873,11.288,18.053,-4.831,0.189,52.628,8.5,4.0
2025-05-13 14:34:17,port1,up,23.435,0.0,0.0,0.0,26.893,2.819,2475.426,38.754,12.436,18.154,-3.323,-0.641,38.597,8.5,4.0
2025-05-13 14:34:18,port1,up,24.826,0.0,0.0,0.0,31.763,2.798,2496.701,39.016,11.968,16.94,-3.794,-0.773,44.685,8.5,4.0
2025-05-13 14:34:19,port1,up,28.359,0.0,0.0,0.0,28.92,2.781,2337.83,40.204,13.809,17.396,-4.159,-1.063,23.063,8.5,4.0
2025-05-13 14:34:20,port1,up,27.442,0.0,0.0,0.0,28.716,2.68,2575.795,40.925,13.074,17.524,-4.865,0.41,34.041,8.5,4.0
2025-05-13 14:34:21,port1,up,29.735,0.0,0.0,0.0,24.519,2.764,2454.22,40.209,18.321,17.17,-4.493,-0.434,45.96,8.5,4.0
2025-05-13 14:34:22,port1,up,27.137,0.0,0.0,0.0,28.834,2.807,2447.782,40.424,12.34,16.492,-5.532,0.783,40.917,8.5,4.0
2025-05-13 14:34:23,port1,up,24.779,0.0,0.0,0.0,31.396,2.877,2460.024,40.305,12.04,17.321,-2.633,0.066,45.253,8.5,4.0
2025-05-13 14:34:24,port1,up,23.936,0.0,0.0,0.0,30.664,2.862,2472.897,40.606,14.043,17.231,-3.617,0.478,45.332,8.5,4.0
2025-05-13 14:34:25,port1,up,27.401,0.0,0.0,0.0,27.025,2.784,2605.691,41.174,9.59,16.771,-4.677,0.593,44.45,8.5,4.0
2025-05-13 14:34:26,port1,up,28.667,0.0,0.0,0.0,25.568,2.789,2299.87,39.35,11.472,17.691,-4.505,0.419,48.954,8.5,4.0
2025-05-13 14:34:27,port1,up,30.391,0.0,0.0,0.0,29.533,2.776,2389.338,39.54,13.313,17.719,-5.21,0.515,38.705,8.5,4.0
2025-05-13 14:34:28,port1,up,24.973,0.0,0.0,0.0,28.066,2.742,2565.932,39.369,10.159,17.885,-5.325,1.089,31.153,8.5,4.0
2025-05-13 14:34:29,port1,up,25.472,0.0,0.0,0.0,30.136,2.686,2389.343,41.569,14.782,17.895,-4.294,0.108,24.218,8.5,4.0
2025-05-13 14:34:30,port1,up,27.704,0.0,0.0,0.0,22.18,2.8,2624.823,41.543,12.87,17.085,-4.597,-1.171,32.484,8.5,4.0
2025-05-13 14:34:31,port1,down,,,,,,,,,,,,,,,
2025-05-13 14:34:32,port1,up,28.556,0.0,0.0,0.0,27.735,2.838,2326.2,40.71,14.587,17.557,-3.715,0.316,71.668,8.5,4.0
2025-05-13 14:34:33,port1,up,26.43,0.0,0.0,0.0,29.569,2.792,2506.039,40.658,12.37,16.431,-1.77,0.465,46.925,8.5,4.0
2025-05-13 14:34:34,port1,up,29.717,0.0,0.0,0.0,31.867,2.873,2347.582,40.906,12.984,17.839,-3.461,0.346,21.408,8.5,4.0
2025-05-13 14:34:35,port1,up,31.664,0.0,0.0,0.0,23.705,2.855,2365.168,39.646,16.139,17.903,-3.49,-0.0,46.593,8.5,4.0
2025-05-13 14:34:36,port1,up,23.472,0.0,0.0,0.0,30.836,2.794,2337.199,40.754,17.971,17.576,-4.356,0.004,28.497,8.5,4.0
2025-05-13 14:34:37,port1,up,27.796,0.0,0.0,0.0,26.268,2.793,2415.453,38.863,8.165,17.234,-4.851,-0.288,29.214,8.5,4.0
2025-05-13 14:34:38,port1,up,26.15,0.0,0.0,0.0,27.764,2.785,2451.672,39.424,12.069,18.407,-1.909,-0.485,46.66,8.5,4.0
2025-05-13 14:34:39,port1,up,28.01,0.0,0.0,0.0,29.932,2.862,2390.442,40.047,10.269,17.445,-4.49,-0.084,40.595,8.5,4.0
2025-05-13 14:34:40,port1,up,22.726,0.0,0.0,0.0,31.376,2.755,2535.241,38.85,14.44,17.33,-2.888,-0.289,56.227,8.5,4.0
2025-05-13 14:34:41,port1,up,28.207,0.0,0.0,0.0,29.158,2.773,2370.594,41.113,11.948,18.102,-3.916,0.504,56.877,8.5,4.0
2025-05-13 14:34:42,port1,up,25.717,0.0,0.0,0.0,29.414,2.785,2590.015,41.383,11.26,18.162,-5.268,0.324,45.034,8.5,4.0
2025-05-13 14:34:43,port1,up,26.07,0.0,0.0,0.0,30.699,2.795,2262.713,39.635,14.493,17.601,-2.656,0.129,14.259,8.5,4.0
2025-05-13 14:34:44,port1,up,22.071,0.0,0.0,0.0,24.832,2.745,2616.21,39.054,12.094,18.313,-4.153,-0.154,63.093,8.5,4.0
2025-05-13 14:34:45,port1,up,25.166,0.0,0.0,0.0,27.92,2.798,2543.044,40.878,13.327,18.111,-3.561,-0.211,49.199,8.5,4.0
2025-05-13 14:34:46,port1,up,29.505,0.0,0.0,0.0,31.298,2.791,2626.656,40.865,10.63,16.817,-5.233,-0.719,14.871,8.5,4.0
2025-05-13 14:34:47,port1,up,26.511,0.0,0.0,0.0,29.795,2.768,2455.816,41.387,11.094,17.446,-3.752,0.482,40.845,8.5,4.0
2025-05-13 14:34:48,port1,up,29.406,0.0,0.0,0.0,31.308,2.782,2359.119,39.977,12.26,17.865,-4.285,-0.342,41.356,8.5,4.0
2025-05-13 14:34:49,port1,up,23.684,0.0,0.0,0.0,26.341,2.75,2672.83,40.374,13.682,17.577,-5.315,-0.572,46.564,8.5,4.0
2025-05-13 14:34:50,port1,up,26.753,0.0,0.0,0.0,29.046,2.742,2459.388,41.149,12.143,17.002,-4.926,0.212,58.622,8.5,4.0
2025-05-13 14:34:51,port1,up,25.011,0.0,0.0,0.0,27.137,2.761,2746.597,41.31,12.021,17.477,-3.147,0.834,37.036,8.5,4.0
2025-05-13 14:34:52,port1,up,30.499,0.0,0.0,0.0,28.192,2.786,2442.985,40.536,14.068,17.377,-4.25,0.183,37.956,8.5,4.0
2025-05-13 14:34:53,port1,up,26.077,0.0,0.0,0.0,28.405,2.855,2408.789,40.325,11.306,17.752,-4.043,-0.439,45.793,8.5,4.0
2025-05-13 14:34:54,port1,up,28.593,0.0,0.0,0.0,25.23,2.796,2507.15,40.188,12.183,17.805,-4.047,-0.457,50.311,8.5,4.0
2025-05-13 14:34:55,port1,up,29.695,0.0,0.0,0.0,26.965,2.712,2545.13,39.123,16.611,17.051,-3.913,0.147,18.497,8.5,4.0
2025-05-13 14:34:56,port1,up,30.188,0.0,0.0,0.0,28.565,2.74,2516.275,41.507,9.2,17.277,-4.669,0.046,36.582,8.5,4.0
2025-05-13 14:34:57,port1,up,26.058,0.0,0.0,0.0,27.922,2.807,2478.677,40.146,11.544,17.551,-4.835,1.515,32.52,8.5,4.0
2025-05-13 14:34:58,port1,up,27.128,0.0,0.0,0.0,27.867,2.739,2382.504,40.598,13.841,17.672,-3.95,0.192,47.729,8.5,4.0
2025-05-13 14:34:59,port1,up,27.43,0.0,0.0,0.0,29.401,2.727,2715.134,40.869,11.232,17.549,-3.916,-0.98,48.461,8.5,4.0
2025-05-13 14:35:00,port1,up,27.662,0.0,0.0,0.0,25.961,2.758,2522.487,39.817,14.442,18.264,-5.048,-0.84,41.461,8.5,4.0
2025-05-13 14:35:01,port1,up,27.824,0.0,0.0,0.0,28.243,2.771,2463.564,38.937,13.464,16.693,-2.036,0.261,53.187,8.5,4.0
2025-05-13 14:35:02,port1,up,26.961,0.0,0.0,0.0,29.718,2.871,2466.144,40.899,12.798,17.754,-5.435,-0.099,52.405,8.5,4.0
2025-05-13 14:35:03,port1,up,27.235,0.0,0.0,0.0,28.182,2.77,2507.246,39.483,11.762,17.446,-3.258,0.383,37.676,8.5,4.0
2025-05-13 14:35:04,port1,up,29.268,0.0,0.0,0.0,26.011,2.781,2467.92,40.693,17.147,18.598,-5.327,-0.549,50.071,8.5,4.0
2025-05-13 14:35:05,port1,up,25.272,0.0,0.0,0.0,34.143,2.717,2528.761,39.272,14.675,16.352,-3.399,0.951,40.994,8.5,4.0
2025-05-13 14:35:06,port1,up,30.191,0.0,0.0,0.0,26.031,2.833,2342.799,39.761,10.197,17.93,-4.106,0.431,17.992,8.5,4.0
2025-05-13 14:35:07,port1,up,30.356,0.0,0.0,0.0,29.943,2.822,2567.669,39.717,13.254,16.71,-4.805,-0.485,39.032,8.5,4.0
2025-05-13 14:35:08,port1,up,25.262,0.0,0.0,0.0,23.574,2.758,2548.85,40.348,10.502,16.725,-4.293,-0.373,31.023,8.5,4.0
2025-05-13 14:35:09,port1,up,29.099,0.0,0.0,0.0,30.533,2.639,2465.821,41.907,18.004,17.378,-4.154,1.021,52.11,8.5,4.0
2025-05-13 14:35:10,port1,up,30.998,0.0,0.0,0.0,27.522,2.782,2464.751,41.005,11.344,17.968,-5.005,0.183,23.694,8.5,4.0
2025-05-13 14:35:11,port1,up,21.996,0.0,0.0,0.0,31.621,2.756,2342.293,39.309,10.926,18.255,-5.836,-0.135,43.832,8.5,4.0
2025-05-13 14:35:12,port1,up,24.466,0.0,0.0,0.0,28.058,2.75,2677.37,39.968,9.822,17.809,-3.127,0.854,48.222,8.5,4.0
2025-05-13 14:35:13,port1,up,21.834,0.0,0.0,0.0,27.619,2.788,2487.047,39.22,13.177,17.336,-5.932,-0.677,27.909,8.5,4.0
2025-05-13 14:35:14,port1,up,20.752,0.0,0.0,0.0,28.644,2.873,2728.5,41.152,14.553,18.167,-4.236,-0.472,40.014,8.5,4.0
2025-05-13 14:35:15,port1,up,26.377,0.0,0.0,0.0,31.355,2.75,2518.0,39.471,13.335,17.972,-3.972,-0.544,35.43,8.5,4.0
2025-05-13 14:35:16,port1,up,21.504,0.0,0.0,0.0,27.265,2.71,2454.262,40.527,8.642,17.042,-5.519,-0.277,59.792,8.5,4.0
2025-05-13 14:35:17,port1,up,32.933,0.0,0.0,0.0,30.324,2.834,2429.438,39.797,12.21,17.11,-3.855,-0.306,36.07,8.5,4.0
2025-05-13 14:35:18,port1,up,28.006,0.0,0.0,0.0,30.917,2.734,2416.297,40.564,12.626,18.049,-5.686,0.028,41.39,8.5,4.0
2025-05-13 14:35:19,port1,up,28.251,0.0,0.0,0.0,25.673,2.791,2485.846,38.116,13.498,17.246,-4.28,-0.177,41.7,8.5,4.0
2025-05-13 14:35:20,port1,up,30.384,0.0,0.0,0.0,33.823,2.844,2418.349,39.757,10.919,17.75,-8.032,-0.373,47.355,8.5,4.0
2025-05-13 14:35:21,port1,up,28.607,0.0,0.0,0.0,29.573,2.794,2523.627,40.576,14.333,17.529,-2.753,0.13,27.453,8.5,4.0
2025-05-13 14:35:22,port1,up,30.723,0.0,0.0,0.0,28.05,2.799,2644.325,40.079,14.355,17.761,-4.456,1.165,45.651,8.5,4.0
2025-05-13 14:35:23,port1,up,22.196,0.0,0.0,0.0,29.059,2.784,2633.351,39.246,14.435,17.443,-4.524,-0.623,43.06,8.5,4.0
2025-05-13 14:35:24,port1,up,24.289,0.0,0.0,0.0,29.502,2.79,2662.105,39.414,15.392,18.112,-2.555,0.636,38.065,8.5,4.0
2025-05-13 14:35:25,port1,up,23.888,0.0,0.0,0.0,30.128,2.726,2560.458,40.331,12.966,17.558,-3.499,-0.892,46.803,8.5,4.0
2025-05-13 14:35:26,port1,up,22.932,0.0,0.0,0.0,30.019,2.726,2606.971,38.488,15.044,17.751,-4.427,-0.742,52.451,8.5,4.0
2025-05-13 14:35:27,port1,up,28.087,0.0,0.0,0.0,26.103,2.845,2646.545,40.62,11.601,17.624,-5.156,0.349,45.28,8.5,4.0
2025-05-13 14:35:28,port1,up,26.105,0.0,0.0,0.0,28.549,2.699,2384.558,37.724,10.175,16.02,-5.916,-0.605,33.823,8.5,4.0
2025-05-13 14:35:29,port1,up,31.145,0.0,0.0,0.0,26.728,2.835,2386.749,39.367,13.517,17.928,-3.364,-0.264,39.641,8.5,4.0
2025-05-13 14:35:30,port1,up,30.028,0.0,0.0,0.0,26.828,2.685,2469.28,40.022,13.14,17.139,-5.549,0.568,52.25,8.5,4.0
2025-05-13 14:35:31,port1,up,26.674,0.0,0.0,0.0,29.118,2.826,2263.155,39.984,15.477,16.649,-5.266,0.862,28.466,8.5,4.0
2025-05-13 14:35:32,port1,up,26.353,0.0,0.0,0.0,31.315,2.714,2547.215,40.621,9.947,17.076,-3.913,0.107,42.404,8.5,4.0
2025-05-13 14:35:33,port1,up,25.688,0.0,0.0,0.0,25.206,2.877,2516.265,40.18,10.576,17.935,-5.295,0.983,40.924,8.5,4.0
2025-05-13 14:35:34,port1,up,31.087,0.0,0.0,0.0,30.603,2.817,2658.897,38.447,9.657,16.927,-3.941,1.046,42.869,8.5,4.0
2025-05-13 14:35:35,port1,up,27.602,0.0,0.0,0.0,28.062,2.829,2424.203,39.61,11.189,17.581,-2.286,0.267,23.742,8.5,4.0
2025-05-13 14:35:36,port1,up,22.825,0.0,0.0,0.0,28.6,2.794,2555.904,41.101,12.82,17.277,-5.156,-0.628,61.418,8.5,4.0
2025-05-13 14:35:37,port1,up,30.811,0.0,0.0,0.0,22.365,2.829,2577.01,39.563,12.964,17.345,-4.264,0.406,43.301,8.5,4.0
2025-05-13 14:35:38,port1,up,24.631,0.0,0.0,0.0,27.346,2.761,2519.807,39.253,10.598,17.358,-6.833,-0.532,44.583,8.5,4.0
2025-05-13 14:35:39,port1,up,27.6,0.0,0.0,0.0,27.5,2.768,2557.035,39.212,10.807,17.013,-3.916,0.36,68.47,8.5,4.0
2025-05-13 14:35:40,port1,up,28.439,0.0,0.0,0.0,28.025,2.834,2595.18,40.869,12.537,17.451,-2.599,-0.895,46.583,8.5,4.0
2025-05-13 14:35:41,port1,up,21.24,0.0,0.0,0.0,27.584,2.71,2503.893,40.315,10.43,17.711,-3.726,-0.085,68.173,8.5,4.0
2025-05-13 14:35:42,port1,up,31.285,0.0,0.0,0.0,28.608,2.758,2599.659,41.103,10.999,16.909,-6.449,0.491,43.32,8.5,4.0
2025-05-13 14:35:43,port1,up,23.776,0.0,0.0,0.0,29.959,2.791,2563.608,40.059,9.483,17.155,-4.122,-0.906,40.029,8.5,4.0
2025-05-13 14:35:44,port1,up,31.579,0.0,0.0,0.0,25.916,2.746,2444.831,39.728,14.535,16.818,-5.678,0.281,31.677,8.5,4.0
2025-05-13 14:35:45,port1,up,29.412,0.0,0.0,0.0,28.135,2.74,2472.888,39.844,12.062,17.457,-5.706,0.165,39.24,8.5,4.0
2025-05-13 14:35:46,port1,up,27.716,0.0,0.0,0.0,21.858,2.782,2410.555,39.156,13.948,17.253,-4.764,-0.682,40.72,8.5,4.0
2025-05-13 14:35:47,port1,up,25.387,0.0,0.0,0.0,33.963,2.788,2335.405,39.494,11.834,17.382,-3.749,-0.145,53.061,8.5,4.0
2025-05-13 14:35:48,port1,up,27.299,0.0,0.0,0.0,30.349,2.735,2636.88,40.375,14.144,17.618,-3.003,-0.344,55.006,8.5,4.0
2025-05-13 14:35:49,port1,up,24.062,0.0,0.0,0.0,27.883,2.866,2281.665,40.504,12.116,17.622,-5.239,0.164,55.692,8.5,4.0
2025-05-13 14:35:50,port1,up,29.013,0.0,0.0,0.0,24.22,2.741,2533.896,40.203,10.053,17.746,-1.512,0.364,56.574,8.5,4.0
2025-05-13 14:35:51,port1,up,21.214,0.0,0.0,0.0,30.519,2.768,2545.166,40.476,15.521,17.856,-3.903,-0.413,17.797,8.5,4.0
2025-05-13 14:35:52,port1,up,25.266,0.0,0.0,0.0,25.438,2.755,2431.731,39.338,9.279,17.132,-5.687,0.826,31.882,8.5,4.0
2025-05-13 14:35:53,port1,up,33.515,0.0,0.0,0.0,28.385,2.773,2606.381,38.831,12.009,18.375,-4.916,0.026,20.525,8.5,4.0
